yyyymm,month,country_code,country_name,imp_usd
201901,2019-01,AT,오스트리아,0.0
201901,2019-01,CH,스위스,29082.0
201901,2019-01,CN,중국,16246950.0
201901,2019-01,CZ,체코공화국,0.0
201901,2019-01,DE,독일,384628.0
201901,2019-01,DK,덴마크,1568.0
201901,2019-01,FR,프랑스,0.0
201901,2019-01,HK,홍콩,15881.0
201901,2019-01,ID,인도네시아,0.0
201901,2019-01,IL,이스라엘,19840.0
201901,2019-01,IN,인도,0.0
201901,2019-01,IT,이탈리아,0.0
201901,2019-01,JP,일본,192724334.0
201901,2019-01,KW,쿠웨이트,0.0
201901,2019-01,LK,스리랑카,0.0
201901,2019-01,MX,멕시코,237995.0
201901,2019-01,MY,말레이시아,42622.0
201901,2019-01,NL,네덜란드,85829182.0
201901,2019-01,PH,필리핀,3794.0
201901,2019-01,PK,파키스탄,0.0
201901,2019-01,PT,포루투갈,0.0
201901,2019-01,RU,러시아 연방,0.0
201901,2019-01,SG,싱가포르,50761195.0
201901,2019-01,TH,태국,0.0
201901,2019-01,TW,대만,2296647.0
201901,2019-01,US,미국,161636784.0
201901,2019-01,VN,베트남,0.0
201901,2019-01,ZZ,기타국,2879800.0
201902,2019-02,AT,오스트리아,0.0
201902,2019-02,BR,브라질,0.0
201902,2019-02,CN,중국,759274.0
201902,2019-02,DE,독일,0.0
201902,2019-02,FR,프랑스,47107.0
201902,2019-02,GB,영국,21887.0
201902,2019-02,HK,홍콩,250459.0
201902,2019-02,ID,인도네시아,0.0
201902,2019-02,IL,이스라엘,18029.0
201902,2019-02,IN,인도,0.0
201902,2019-02,JP,일본,168741678.0
201902,2019-02,MX,멕시코,85909.0
201902,2019-02,MY,말레이시아,41519.0
201902,2019-02,NL,네덜란드,116997367.0
201902,2019-02,PH,필리핀,0.0
201902,2019-02,PL,폴란드,0.0
201902,2019-02,PT,포루투갈,0.0
201902,2019-02,RU,러시아 연방,0.0
201902,2019-02,SG,싱가포르,32862507.0
201902,2019-02,TR,튀르키예,0.0
201902,2019-02,TW,대만,157391.0
201902,2019-02,US,미국,97251999.0
201902,2019-02,VN,베트남,0.0
201902,2019-02,ZA,남아프리카공화국,0.0
201903,2019-03,AT,오스트리아,0.0
201903,2019-03,AU,호주,0.0
201903,2019-03,BR,브라질,0.0
201903,2019-03,CA,캐나다,0.0
201903,2019-03,CH,스위스,60076.0
201903,2019-03,CN,중국,1123196.0
201903,2019-03,CZ,체코공화국,0.0
201903,2019-03,DE,독일,893088.0
201903,2019-03,FR,프랑스,57441.0
201903,2019-03,GB,영국,33187.0
201903,2019-03,HK,홍콩,74.0
201903,2019-03,ID,인도네시아,0.0
201903,2019-03,IL,이스라엘,114083.0
201903,2019-03,JP,일본,150426214.0
201903,2019-03,MX,멕시코,142690.0
201903,2019-03,MY,말레이시아,7647.0
201903,2019-03,NL,네덜란드,95773394.0
201903,2019-03,PH,필리핀,596.0
201903,2019-03,PL,폴란드,0.0
201903,2019-03,PT,포루투갈,0.0
201903,2019-03,RU,러시아 연방,0.0
201903,2019-03,SG,싱가포르,38835806.0
201903,2019-03,TH,태국,0.0
201903,2019-03,TR,튀르키예,0.0
201903,2019-03,TW,대만,5197593.0
201903,2019-03,US,미국,145679135.0
201903,2019-03,VN,베트남,750.0
201903,2019-03,ZZ,기타국,9820366.0
201904,2019-04,CA,캐나다,0.0
201904,2019-04,CH,스위스,118892.0
201904,2019-04,CN,중국,2600879.0
201904,2019-04,DE,독일,4924662.0
201904,2019-04,FR,프랑스,67315.0
201904,2019-04,GB,영국,5007117.0
201904,2019-04,HK,홍콩,0.0
201904,2019-04,IL,이스라엘,7619.0
201904,2019-04,IN,인도,0.0
201904,2019-04,JP,일본,154165028.0
201904,2019-04,MX,멕시코,249597.0
201904,2019-04,MY,말레이시아,9346.0
201904,2019-04,NL,네덜란드,292225868.0
201904,2019-04,PH,필리핀,0.0
201904,2019-04,PL,폴란드,0.0
201904,2019-04,RU,러시아 연방,0.0
201904,2019-04,SG,싱가포르,46963637.0
201904,2019-04,TH,태국,0.0
201904,2019-04,TW,대만,4437338.0
201904,2019-04,US,미국,203862688.0
201904,2019-04,VN,베트남,39206.0
201904,2019-04,ZZ,기타국,8164900.0
201905,2019-05,AU,호주,0.0
201905,2019-05,CA,캐나다,0.0
201905,2019-05,CH,스위스,3261539.0
201905,2019-05,CN,중국,1240736.0
201905,2019-05,DE,독일,54995.0
201905,2019-05,FR,프랑스,54404.0
201905,2019-05,GB,영국,301831.0
201905,2019-05,HK,홍콩,27371.0
201905,2019-05,IE,아일랜드,210000.0
201905,2019-05,IL,이스라엘,27782.0
201905,2019-05,IN,인도,0.0
201905,2019-05,JP,일본,119937000.0
201905,2019-05,MX,멕시코,211102.0
201905,2019-05,MY,말레이시아,3406.0
201905,2019-05,NL,네덜란드,138943814.0
201905,2019-05,PH,필리핀,0.0
201905,2019-05,PL,폴란드,0.0
201905,2019-05,RU,러시아 연방,0.0
201905,2019-05,SG,싱가포르,35529881.0
201905,2019-05,TH,태국,0.0
201905,2019-05,TW,대만,442577.0
201905,2019-05,US,미국,143780672.0
201905,2019-05,VN,베트남,2008.0
201905,2019-05,ZZ,기타국,9355243.0
201906,2019-06,AT,오스트리아,4850158.0
201906,2019-06,BR,브라질,0.0
201906,2019-06,BY,벨라루스,0.0
201906,2019-06,CH,스위스,1225459.0
201906,2019-06,CN,중국,932556.0
201906,2019-06,DE,독일,1408063.0
201906,2019-06,FR,프랑스,0.0
201906,2019-06,GB,영국,115738.0
201906,2019-06,HK,홍콩,150.0
201906,2019-06,ID,인도네시아,0.0
201906,2019-06,IL,이스라엘,29603.0
201906,2019-06,IN,인도,0.0
201906,2019-06,IT,이탈리아,358.0
201906,2019-06,JP,일본,116234780.0
201906,2019-06,MX,멕시코,295774.0
201906,2019-06,MY,말레이시아,59285.0
201906,2019-06,NL,네덜란드,274306666.0
201906,2019-06,PL,폴란드,528.0
201906,2019-06,RU,러시아 연방,0.0
201906,2019-06,SG,싱가포르,35131466.0
201906,2019-06,TH,태국,0.0
201906,2019-06,TR,튀르키예,0.0
201906,2019-06,TW,대만,3403898.0
201906,2019-06,US,미국,126525539.0
201906,2019-06,VN,베트남,0.0
201906,2019-06,ZA,남아프리카공화국,0.0
201907,2019-07,AT,오스트리아,2819056.0
201907,2019-07,BR,브라질,0.0
201907,2019-07,CA,캐나다,0.0
201907,2019-07,CN,중국,1185504.0
201907,2019-07,CZ,체코공화국,0.0
201907,2019-07,DE,독일,876820.0
201907,2019-07,FR,프랑스,4411.0
201907,2019-07,GB,영국,217.0
201907,2019-07,HK,홍콩,75545.0
201907,2019-07,IL,이스라엘,19840.0
201907,2019-07,IT,이탈리아,700000.0
201907,2019-07,JP,일본,77121740.0
201907,2019-07,MX,멕시코,149758.0
201907,2019-07,MY,말레이시아,11403.0
201907,2019-07,NL,네덜란드,174123.0
201907,2019-07,PL,폴란드,0.0
201907,2019-07,PT,포루투갈,0.0
201907,2019-07,SG,싱가포르,25646452.0
201907,2019-07,TH,태국,4192.0
201907,2019-07,TW,대만,2551847.0
201907,2019-07,US,미국,124681626.0
201907,2019-07,UZ,우즈베키스탄,0.0
201907,2019-07,VN,베트남,0.0
201907,2019-07,ZZ,기타국,2997877.0
201908,2019-08,AE,아랍에미리트 연합,0.0
201908,2019-08,BR,브라질,0.0
201908,2019-08,CA,캐나다,0.0
201908,2019-08,CH,스위스,758.0
201908,2019-08,CN,중국,3029720.0
201908,2019-08,DE,독일,1097898.0
201908,2019-08,FR,프랑스,14876.0
201908,2019-08,GB,영국,18792.0
201908,2019-08,HK,홍콩,642.0
201908,2019-08,IL,이스라엘,33459.0
201908,2019-08,IT,이탈리아,700000.0
201908,2019-08,JP,일본,48456728.0
201908,2019-08,MX,멕시코,21540.0
201908,2019-08,MY,말레이시아,4631.0
201908,2019-08,NL,네덜란드,118533455.0
201908,2019-08,PH,필리핀,1213.0
201908,2019-08,PL,폴란드,923.0
201908,2019-08,RU,러시아 연방,0.0
201908,2019-08,SG,싱가포르,14832984.0
201908,2019-08,TH,태국,0.0
201908,2019-08,TR,튀르키예,0.0
201908,2019-08,TW,대만,1982808.0
201908,2019-08,US,미국,89138525.0
201908,2019-08,UZ,우즈베키스탄,0.0
201908,2019-08,VN,베트남,0.0
201908,2019-08,ZZ,기타국,1439974.0
201909,2019-09,CA,캐나다,0.0
201909,2019-09,CH,스위스,1003984.0
201909,2019-09,CN,중국,540345.0
201909,2019-09,CZ,체코공화국,48647.0
201909,2019-09,DE,독일,30.0
201909,2019-09,FR,프랑스,5952.0
201909,2019-09,GB,영국,5067.0
201909,2019-09,HK,홍콩,458.0
201909,2019-09,IL,이스라엘,7936.0
201909,2019-09,IT,이탈리아,700000.0
201909,2019-09,JP,일본,120822055.0
201909,2019-09,MX,멕시코,70735.0
201909,2019-09,MY,말레이시아,1040065.0
201909,2019-09,NL,네덜란드,1059950.0
201909,2019-09,PT,포루투갈,0.0
201909,2019-09,RU,러시아 연방,0.0
201909,2019-09,SG,싱가포르,26645430.0
201909,2019-09,TH,태국,0.0
201909,2019-09,TW,대만,326577.0
201909,2019-09,US,미국,174347805.0
201909,2019-09,UZ,우즈베키스탄,0.0
201909,2019-09,VN,베트남,0.0
201909,2019-09,ZZ,기타국,6475365.0
201910,2019-10,BR,브라질,0.0
201910,2019-10,CH,스위스,1952927.0
201910,2019-10,CN,중국,5897458.0
201910,2019-10,DE,독일,2096919.0
201910,2019-10,ES,스페인,85000.0
201910,2019-10,FR,프랑스,4411.0
201910,2019-10,GB,영국,3138.0
201910,2019-10,HK,홍콩,2035.0
201910,2019-10,IL,이스라엘,19960.0
201910,2019-10,IT,이탈리아,9745.0
201910,2019-10,JP,일본,96932936.0
201910,2019-10,LT,리투아니아,0.0
201910,2019-10,MX,멕시코,76666.0
201910,2019-10,MY,말레이시아,631322.0
201910,2019-10,NL,네덜란드,143922.0
201910,2019-10,PH,필리핀,0.0
201910,2019-10,PL,폴란드,0.0
201910,2019-10,RU,러시아 연방,0.0
201910,2019-10,SG,싱가포르,59670644.0
201910,2019-10,SI,슬로베니아,0.0
201910,2019-10,TR,튀르키예,0.0
201910,2019-10,TW,대만,516024.0
201910,2019-10,US,미국,147987644.0
201910,2019-10,VN,베트남,0.0
201910,2019-10,ZZ,기타국,14691903.0
201911,2019-11,BR,브라질,0.0
201911,2019-11,CH,스위스,3049942.0
201911,2019-11,CN,중국,790058.0
201911,2019-11,DE,독일,1437738.0
201911,2019-11,ES,스페인,446.0
201911,2019-11,FR,프랑스,1137.0
201911,2019-11,GB,영국,5044.0
201911,2019-11,HK,홍콩,7035.0
201911,2019-11,ID,인도네시아,0.0
201911,2019-11,IL,이스라엘,33147.0
201911,2019-11,IT,이탈리아,700000.0
201911,2019-11,JP,일본,72280134.0
201911,2019-11,MA,모로코,0.0
201911,2019-11,MX,멕시코,106017.0
201911,2019-11,MY,말레이시아,15976.0
201911,2019-11,NL,네덜란드,84887487.0
201911,2019-11,PH,필리핀,0.0
201911,2019-11,PL,폴란드,0.0
201911,2019-11,PT,포루투갈,0.0
201911,2019-11,RU,러시아 연방,0.0
201911,2019-11,SE,스웨덴,0.0
201911,2019-11,SG,싱가포르,20727290.0
201911,2019-11,TH,태국,0.0
201911,2019-11,TW,대만,2364340.0
201911,2019-11,US,미국,85982182.0
201911,2019-11,UZ,우즈베키스탄,0.0
201911,2019-11,VN,베트남,0.0
201912,2019-12,AT,오스트리아,1492129.0
201912,2019-12,CA,캐나다,0.0
201912,2019-12,CH,스위스,0.0
201912,2019-12,CN,중국,2331203.0
201912,2019-12,DE,독일,4573190.0
201912,2019-12,DK,덴마크,46073.0
201912,2019-12,FR,프랑스,254884.0
201912,2019-12,GB,영국,695964.0
201912,2019-12,HK,홍콩,3823.0
201912,2019-12,ID,인도네시아,0.0
201912,2019-12,IE,아일랜드,283.0
201912,2019-12,IL,이스라엘,11814.0
201912,2019-12,IN,인도,0.0
201912,2019-12,JP,일본,79480073.0
201912,2019-12,MX,멕시코,66064.0
201912,2019-12,MY,말레이시아,1442.0
201912,2019-12,NL,네덜란드,240893017.0
201912,2019-12,PH,필리핀,0.0
201912,2019-12,PT,포루투갈,0.0
201912,2019-12,RU,러시아 연방,0.0
201912,2019-12,SG,싱가포르,18635591.0
201912,2019-12,TH,태국,112.0
201912,2019-12,TR,튀르키예,324.0
201912,2019-12,TW,대만,10002957.0
201912,2019-12,US,미국,159134699.0
201912,2019-12,VN,베트남,10169.0
201912,2019-12,ZZ,기타국,4784900.0
202001,2020-01,BR,브라질,402.0
202001,2020-01,CN,중국,714118.0
202001,2020-01,DE,독일,17039.0
202001,2020-01,FR,프랑스,31725.0
202001,2020-01,GB,영국,16734.0
202001,2020-01,HK,홍콩,347.0
202001,2020-01,ID,인도네시아,0.0
202001,2020-01,IE,아일랜드,0.0
202001,2020-01,IL,이스라엘,44600.0
202001,2020-01,JP,일본,125194442.0
202001,2020-01,MX,멕시코,93531.0
202001,2020-01,MY,말레이시아,17565.0
202001,2020-01,NL,네덜란드,33345566.0
202001,2020-01,RU,러시아 연방,0.0
202001,2020-01,SG,싱가포르,33918667.0
202001,2020-01,TH,태국,0.0
202001,2020-01,TR,튀르키예,0.0
202001,2020-01,TW,대만,89226.0
202001,2020-01,US,미국,155881862.0
202001,2020-01,VN,베트남,30210.0
202001,2020-01,ZZ,기타국,7035680.0
202002,2020-02,AR,아르헨티나,1746.0
202002,2020-02,CA,캐나다,73.0
202002,2020-02,CH,스위스,13257.0
202002,2020-02,CN,중국,480317.0
202002,2020-02,DE,독일,1222207.0
202002,2020-02,ES,스페인,446.0
202002,2020-02,FI,핀란드,4428.0
202002,2020-02,GB,영국,18304.0
202002,2020-02,HK,홍콩,0.0
202002,2020-02,IL,이스라엘,15752.0
202002,2020-02,JP,일본,283977289.0
202002,2020-02,MX,멕시코,261736.0
202002,2020-02,MY,말레이시아,1598197.0
202002,2020-02,NL,네덜란드,173228502.0
202002,2020-02,PH,필리핀,4654.0
202002,2020-02,PL,폴란드,0.0
202002,2020-02,PT,포루투갈,0.0
202002,2020-02,RU,러시아 연방,0.0
202002,2020-02,SG,싱가포르,51394362.0
202002,2020-02,TH,태국,0.0
202002,2020-02,TR,튀르키예,0.0
202002,2020-02,TW,대만,50879.0
202002,2020-02,US,미국,213730953.0
202002,2020-02,VN,베트남,3546.0
202002,2020-02,ZZ,기타국,14705313.0
202003,2020-03,AU,호주,0.0
202003,2020-03,CA,캐나다,3412.0
202003,2020-03,CN,중국,883063.0
202003,2020-03,DE,독일,449117.0
202003,2020-03,EG,이집트,0.0
202003,2020-03,FR,프랑스,4411.0
202003,2020-03,GB,영국,0.0
202003,2020-03,HK,홍콩,1609.0
202003,2020-03,HU,헝가리,0.0
202003,2020-03,ID,인도네시아,0.0
202003,2020-03,IE,아일랜드,0.0
202003,2020-03,IL,이스라엘,37590.0
202003,2020-03,IN,인도,0.0
202003,2020-03,IT,이탈리아,542970.0
202003,2020-03,JP,일본,294331843.0
202003,2020-03,MX,멕시코,203701.0
202003,2020-03,MY,말레이시아,2246446.0
202003,2020-03,NL,네덜란드,592063865.0
202003,2020-03,PH,필리핀,1689.0
202003,2020-03,PL,폴란드,0.0
202003,2020-03,PT,포루투갈,0.0
202003,2020-03,SG,싱가포르,91987631.0
202003,2020-03,TH,태국,0.0
202003,2020-03,TW,대만,2114665.0
202003,2020-03,US,미국,268526395.0
202003,2020-03,VN,베트남,10169.0
202003,2020-03,ZZ,기타국,11329900.0
202004,2020-04,AT,오스트리아,974489.0
202004,2020-04,BR,브라질,0.0
202004,2020-04,CN,중국,3974567.0
202004,2020-04,CZ,체코공화국,46442.0
202004,2020-04,DE,독일,3105796.0
202004,2020-04,FR,프랑스,0.0
202004,2020-04,GB,영국,18535.0
202004,2020-04,HK,홍콩,555356.0
202004,2020-04,ID,인도네시아,164.0
202004,2020-04,IE,아일랜드,0.0
202004,2020-04,IL,이스라엘,9617.0
202004,2020-04,IT,이탈리아,1061789.0
202004,2020-04,JP,일본,281179565.0
202004,2020-04,MA,모로코,0.0
202004,2020-04,MX,멕시코,142127.0
202004,2020-04,MY,말레이시아,2053591.0
202004,2020-04,NL,네덜란드,140954148.0
202004,2020-04,PH,필리핀,0.0
202004,2020-04,PK,파키스탄,0.0
202004,2020-04,PL,폴란드,0.0
202004,2020-04,RU,러시아 연방,0.0
202004,2020-04,SG,싱가포르,117580168.0
202004,2020-04,SK,슬로바키아,0.0
202004,2020-04,TR,튀르키예,0.0
202004,2020-04,TW,대만,3683190.0
202004,2020-04,US,미국,255605855.0
202004,2020-04,VN,베트남,0.0
202004,2020-04,ZZ,기타국,1439900.0
202005,2020-05,AT,오스트리아,0.0
202005,2020-05,BE,벨기에,0.0
202005,2020-05,CH,스위스,6315962.0
202005,2020-05,CN,중국,1661991.0
202005,2020-05,CZ,체코공화국,0.0
202005,2020-05,DE,독일,597860.0
202005,2020-05,EG,이집트,0.0
202005,2020-05,GB,영국,121209.0
202005,2020-05,HK,홍콩,2735.0
202005,2020-05,HU,헝가리,0.0
202005,2020-05,IE,아일랜드,156.0
202005,2020-05,IL,이스라엘,49434.0
202005,2020-05,IT,이탈리아,1063441.0
202005,2020-05,JP,일본,281812566.0
202005,2020-05,MX,멕시코,211010.0
202005,2020-05,MY,말레이시아,739989.0
202005,2020-05,NL,네덜란드,673498309.0
202005,2020-05,PH,필리핀,0.0
202005,2020-05,PT,포루투갈,0.0
202005,2020-05,RU,러시아 연방,0.0
202005,2020-05,SG,싱가포르,83929041.0
202005,2020-05,TH,태국,0.0
202005,2020-05,TW,대만,30873.0
202005,2020-05,US,미국,242033959.0
202005,2020-05,VN,베트남,13269.0
202005,2020-05,ZZ,기타국,8169900.0
202006,2020-06,CH,스위스,78637.0
202006,2020-06,CN,중국,6165185.0
202006,2020-06,DE,독일,318889.0
202006,2020-06,FR,프랑스,0.0
202006,2020-06,GB,영국,300863.0
202006,2020-06,HK,홍콩,0.0
202006,2020-06,IL,이스라엘,26007.0
202006,2020-06,IN,인도,0.0
202006,2020-06,JP,일본,246887651.0
202006,2020-06,MX,멕시코,95174.0
202006,2020-06,MY,말레이시아,814689.0
202006,2020-06,NL,네덜란드,356891888.0
202006,2020-06,PT,포루투갈,0.0
202006,2020-06,RU,러시아 연방,0.0
202006,2020-06,SG,싱가포르,120798243.0
202006,2020-06,TH,태국,0.0
202006,2020-06,TR,튀르키예,0.0
202006,2020-06,TW,대만,0.0
202006,2020-06,US,미국,395723698.0
202006,2020-06,UZ,우즈베키스탄,0.0
202006,2020-06,VN,베트남,31007.0
202006,2020-06,ZZ,기타국,7044021.0
202007,2020-07,AT,오스트리아,2560687.0
202007,2020-07,BR,브라질,0.0
202007,2020-07,CA,캐나다,0.0
202007,2020-07,CH,스위스,19406.0
202007,2020-07,CN,중국,3740573.0
202007,2020-07,CZ,체코공화국,35082.0
202007,2020-07,DE,독일,2605859.0
202007,2020-07,GB,영국,7561.0
202007,2020-07,HK,홍콩,4000.0
202007,2020-07,IL,이스라엘,22500.0
202007,2020-07,JP,일본,222160159.0
202007,2020-07,MX,멕시코,134512.0
202007,2020-07,MY,말레이시아,104659.0
202007,2020-07,NL,네덜란드,223977349.0
202007,2020-07,NO,노르웨이,0.0
202007,2020-07,RU,러시아 연방,0.0
202007,2020-07,SG,싱가포르,130856936.0
202007,2020-07,TH,태국,0.0
202007,2020-07,TW,대만,6468287.0
202007,2020-07,US,미국,395922205.0
202007,2020-07,VN,베트남,531237.0
202007,2020-07,ZZ,기타국,3380000.0
202008,2020-08,BR,브라질,0.0
202008,2020-08,CA,캐나다,0.0
202008,2020-08,CH,스위스,43042.0
202008,2020-08,CN,중국,1072301.0
202008,2020-08,CZ,체코공화국,0.0
202008,2020-08,DE,독일,2785667.0
202008,2020-08,ES,스페인,986.0
202008,2020-08,FR,프랑스,372532.0
202008,2020-08,GB,영국,1778673.0
202008,2020-08,HK,홍콩,0.0
202008,2020-08,IL,이스라엘,71725.0
202008,2020-08,JP,일본,57921510.0
202008,2020-08,MX,멕시코,459195.0
202008,2020-08,MY,말레이시아,85353.0
202008,2020-08,NL,네덜란드,1078724.0
202008,2020-08,PH,필리핀,793.0
202008,2020-08,PT,포루투갈,0.0
202008,2020-08,RU,러시아 연방,0.0
202008,2020-08,SG,싱가포르,44491286.0
202008,2020-08,TR,튀르키예,0.0
202008,2020-08,TW,대만,7625429.0
202008,2020-08,US,미국,306050465.0
202008,2020-08,VN,베트남,10469.0
202008,2020-08,ZZ,기타국,3380000.0
202009,2020-09,CH,스위스,35907.0
202009,2020-09,CN,중국,1308036.0
202009,2020-09,CZ,체코공화국,0.0
202009,2020-09,DE,독일,1579250.0
202009,2020-09,FR,프랑스,1960.0
202009,2020-09,GB,영국,0.0
202009,2020-09,HK,홍콩,386.0
202009,2020-09,ID,인도네시아,0.0
202009,2020-09,IL,이스라엘,42605.0
202009,2020-09,IN,인도,0.0
202009,2020-09,JP,일본,79589991.0
202009,2020-09,MX,멕시코,427591.0
202009,2020-09,MY,말레이시아,30734.0
202009,2020-09,NL,네덜란드,313636153.0
202009,2020-09,PH,필리핀,389626.0
202009,2020-09,PL,폴란드,0.0
202009,2020-09,PT,포루투갈,0.0
202009,2020-09,RU,러시아 연방,0.0
202009,2020-09,SG,싱가포르,13114907.0
202009,2020-09,TH,태국,0.0
202009,2020-09,TR,튀르키예,0.0
202009,2020-09,TW,대만,9529.0
202009,2020-09,UA,우크라이나,0.0
202009,2020-09,US,미국,121015267.0
202009,2020-09,VN,베트남,200.0
202010,2020-10,AT,오스트리아,0.0
202010,2020-10,BE,벨기에,0.0
202010,2020-10,CA,캐나다,0.0
202010,2020-10,CH,스위스,37729.0
202010,2020-10,CN,중국,3734694.0
202010,2020-10,DE,독일,6889227.0
202010,2020-10,ES,스페인,523.0
202010,2020-10,FR,프랑스,41816.0
202010,2020-10,GB,영국,3820569.0
202010,2020-10,HK,홍콩,0.0
202010,2020-10,ID,인도네시아,0.0
202010,2020-10,IL,이스라엘,63691.0
202010,2020-10,IT,이탈리아,0.0
202010,2020-10,JP,일본,115489366.0
202010,2020-10,MX,멕시코,273672.0
202010,2020-10,MY,말레이시아,150403.0
202010,2020-10,NL,네덜란드,225325507.0
202010,2020-10,PH,필리핀,16061.0
202010,2020-10,RU,러시아 연방,0.0
202010,2020-10,SE,스웨덴,0.0
202010,2020-10,SG,싱가포르,20520073.0
202010,2020-10,TH,태국,0.0
202010,2020-10,TW,대만,693029.0
202010,2020-10,US,미국,66589156.0
202010,2020-10,VN,베트남,10696.0
202011,2020-11,AT,오스트리아,0.0
202011,2020-11,AU,호주,2232.0
202011,2020-11,BE,벨기에,0.0
202011,2020-11,BR,브라질,0.0
202011,2020-11,CH,스위스,49962.0
202011,2020-11,CN,중국,1216846.0
202011,2020-11,CZ,체코공화국,0.0
202011,2020-11,DE,독일,2469467.0
202011,2020-11,FR,프랑스,23795.0
202011,2020-11,GB,영국,584338.0
202011,2020-11,HK,홍콩,2229.0
202011,2020-11,ID,인도네시아,0.0
202011,2020-11,IE,아일랜드,1933.0
202011,2020-11,IL,이스라엘,55032.0
202011,2020-11,JP,일본,207985369.0
202011,2020-11,MX,멕시코,218064.0
202011,2020-11,MY,말레이시아,3770315.0
202011,2020-11,NL,네덜란드,472124301.0
202011,2020-11,PH,필리핀,0.0
202011,2020-11,PL,폴란드,19762.0
202011,2020-11,PT,포루투갈,0.0
202011,2020-11,RU,러시아 연방,0.0
202011,2020-11,SG,싱가포르,24924164.0
202011,2020-11,TH,태국,35184.0
202011,2020-11,TR,튀르키예,0.0
202011,2020-11,TW,대만,5681595.0
202011,2020-11,US,미국,118444961.0
202011,2020-11,VN,베트남,500.0
202011,2020-11,ZZ,기타국,1682100.0
202012,2020-12,AT,오스트리아,260124.0
202012,2020-12,BE,벨기에,0.0
202012,2020-12,BR,브라질,0.0
202012,2020-12,CH,스위스,57562.0
202012,2020-12,CN,중국,11269964.0
202012,2020-12,DE,독일,4202756.0
202012,2020-12,FR,프랑스,225481.0
202012,2020-12,GB,영국,80349.0
202012,2020-12,ID,인도네시아,0.0
202012,2020-12,IE,아일랜드,15878.0
202012,2020-12,IL,이스라엘,92312.0
202012,2020-12,JP,일본,379645504.0
202012,2020-12,LT,리투아니아,0.0
202012,2020-12,MX,멕시코,79957.0
202012,2020-12,MY,말레이시아,4636458.0
202012,2020-12,NL,네덜란드,539269182.0
202012,2020-12,PH,필리핀,0.0
202012,2020-12,RU,러시아 연방,20393.0
202012,2020-12,SG,싱가포르,152980205.0
202012,2020-12,TH,태국,0.0
202012,2020-12,TR,튀르키예,0.0
202012,2020-12,TW,대만,3361584.0
202012,2020-12,US,미국,325595952.0
202012,2020-12,VN,베트남,2529.0
202012,2020-12,ZZ,기타국,5860800.0
202101,2021-01,BE,벨기에,0.0
202101,2021-01,BR,브라질,0.0
202101,2021-01,CA,캐나다,50.0
202101,2021-01,CH,스위스,17907752.0
202101,2021-01,CN,중국,1157235.0
202101,2021-01,CZ,체코공화국,82498.0
202101,2021-01,DE,독일,32512.0
202101,2021-01,FR,프랑스,8822.0
202101,2021-01,GB,영국,41217.0
202101,2021-01,HK,홍콩,1036.0
202101,2021-01,IE,아일랜드,21948.0
202101,2021-01,IL,이스라엘,44965.0
202101,2021-01,IT,이탈리아,415.0
202101,2021-01,JP,일본,466893239.0
202101,2021-01,MX,멕시코,144489.0
202101,2021-01,MY,말레이시아,9403910.0
202101,2021-01,NL,네덜란드,540140347.0
202101,2021-01,PH,필리핀,0.0
202101,2021-01,PL,폴란드,0.0
202101,2021-01,PT,포루투갈,0.0
202101,2021-01,SG,싱가포르,239798888.0
202101,2021-01,TH,태국,0.0
202101,2021-01,TW,대만,6738821.0
202101,2021-01,US,미국,448076880.0
202101,2021-01,VN,베트남,203375.0
202102,2021-02,AT,오스트리아,1601415.0
202102,2021-02,CH,스위스,516924.0
202102,2021-02,CN,중국,4702528.0
202102,2021-02,DE,독일,2156819.0
202102,2021-02,FR,프랑스,13233.0
202102,2021-02,GB,영국,7769.0
202102,2021-02,HK,홍콩,0.0
202102,2021-02,IE,아일랜드,7939.0
202102,2021-02,IL,이스라엘,62830.0
202102,2021-02,IT,이탈리아,512.0
202102,2021-02,JP,일본,386746199.0
202102,2021-02,MX,멕시코,366096.0
202102,2021-02,MY,말레이시아,7188938.0
202102,2021-02,NL,네덜란드,338155888.0
202102,2021-02,PH,필리핀,0.0
202102,2021-02,PL,폴란드,0.0
202102,2021-02,RU,러시아 연방,0.0
202102,2021-02,SG,싱가포르,155842851.0
202102,2021-02,TH,태국,14.0
202102,2021-02,TR,튀르키예,0.0
202102,2021-02,TW,대만,20161544.0
202102,2021-02,US,미국,379705800.0
202102,2021-02,VN,베트남,0.0
202103,2021-03,AT,오스트리아,639502.0
202103,2021-03,BE,벨기에,0.0
202103,2021-03,CA,캐나다,0.0
202103,2021-03,CH,스위스,9432.0
202103,2021-03,CN,중국,4996444.0
202103,2021-03,DE,독일,1780260.0
202103,2021-03,FR,프랑스,22055.0
202103,2021-03,GB,영국,3891043.0
202103,2021-03,HK,홍콩,446.0
202103,2021-03,IL,이스라엘,19761.0
202103,2021-03,JP,일본,387509445.0
202103,2021-03,KW,쿠웨이트,0.0
202103,2021-03,LK,스리랑카,0.0
202103,2021-03,MX,멕시코,112166.0
202103,2021-03,MY,말레이시아,6081464.0
202103,2021-03,NL,네덜란드,783129010.0
202103,2021-03,PH,필리핀,359600.0
202103,2021-03,RU,러시아 연방,0.0
202103,2021-03,SG,싱가포르,188351720.0
202103,2021-03,TH,태국,0.0
202103,2021-03,TW,대만,3410604.0
202103,2021-03,US,미국,460563970.0
202103,2021-03,VN,베트남,21661.0
202104,2021-04,AE,아랍에미리트 연합,0.0
202104,2021-04,AT,오스트리아,3919519.0
202104,2021-04,BE,벨기에,0.0
202104,2021-04,CA,캐나다,0.0
202104,2021-04,CH,스위스,2065516.0
202104,2021-04,CN,중국,3826044.0
202104,2021-04,CZ,체코공화국,80756.0
202104,2021-04,DE,독일,87314.0
202104,2021-04,EG,이집트,0.0
202104,2021-04,GB,영국,0.0
202104,2021-04,HK,홍콩,19629.0
202104,2021-04,IL,이스라엘,26596.0
202104,2021-04,JP,일본,445649247.0
202104,2021-04,MX,멕시코,246674.0
202104,2021-04,MY,말레이시아,10240371.0
202104,2021-04,NL,네덜란드,568619410.0
202104,2021-04,PH,필리핀,0.0
202104,2021-04,RU,러시아 연방,0.0
202104,2021-04,SG,싱가포르,274545168.0
202104,2021-04,TH,태국,0.0
202104,2021-04,TW,대만,32649.0
202104,2021-04,TZ,탄자니아,0.0
202104,2021-04,US,미국,594670769.0
202104,2021-04,VN,베트남,2000.0
202105,2021-05,CH,스위스,9177.0
202105,2021-05,CN,중국,1469389.0
202105,2021-05,DE,독일,1946562.0
202105,2021-05,ES,스페인,490.0
202105,2021-05,GB,영국,0.0
202105,2021-05,HK,홍콩,993.0
202105,2021-05,ID,인도네시아,0.0
202105,2021-05,IL,이스라엘,86729.0
202105,2021-05,IN,인도,600.0
202105,2021-05,IT,이탈리아,0.0
202105,2021-05,JP,일본,237887793.0
202105,2021-05,MX,멕시코,369780.0
202105,2021-05,MY,말레이시아,10140925.0
202105,2021-05,NL,네덜란드,413315573.0
202105,2021-05,PH,필리핀,0.0
202105,2021-05,PL,폴란드,0.0
202105,2021-05,PT,포루투갈,0.0
202105,2021-05,RU,러시아 연방,0.0
202105,2021-05,SG,싱가포르,154053416.0
202105,2021-05,TH,태국,0.0
202105,2021-05,TW,대만,11234363.0
202105,2021-05,US,미국,537380629.0
202105,2021-05,VN,베트남,18876.0
202106,2021-06,AE,아랍에미리트 연합,0.0
202106,2021-06,AT,오스트리아,2548305.0
202106,2021-06,BE,벨기에,0.0
202106,2021-06,CA,캐나다,6420.0
202106,2021-06,CH,스위스,385000.0
202106,2021-06,CN,중국,636863.0
202106,2021-06,DE,독일,5962702.0
202106,2021-06,FR,프랑스,21622.0
202106,2021-06,GB,영국,2660.0
202106,2021-06,HK,홍콩,11390.0
202106,2021-06,ID,인도네시아,0.0
202106,2021-06,IL,이스라엘,58356.0
202106,2021-06,JP,일본,277530467.0
202106,2021-06,MX,멕시코,371832.0
202106,2021-06,MY,말레이시아,6127243.0
202106,2021-06,NL,네덜란드,416804751.0
202106,2021-06,PH,필리핀,0.0
202106,2021-06,PL,폴란드,0.0
202106,2021-06,RU,러시아 연방,0.0
202106,2021-06,SG,싱가포르,194821859.0
202106,2021-06,TH,태국,0.0
202106,2021-06,TR,튀르키예,0.0
202106,2021-06,TW,대만,2076490.0
202106,2021-06,US,미국,374565181.0
202106,2021-06,VN,베트남,17461.0
202107,2021-07,CA,캐나다,0.0
202107,2021-07,CH,스위스,2204.0
202107,2021-07,CN,중국,1353994.0
202107,2021-07,DE,독일,1403825.0
202107,2021-07,EC,에쿠아도르,0.0
202107,2021-07,FR,프랑스,4411.0
202107,2021-07,GB,영국,801490.0
202107,2021-07,GR,그리스,0.0
202107,2021-07,HK,홍콩,46561.0
202107,2021-07,IL,이스라엘,590792.0
202107,2021-07,IN,인도,0.0
202107,2021-07,JP,일본,255326115.0
202107,2021-07,MX,멕시코,51501.0
202107,2021-07,MY,말레이시아,11049191.0
202107,2021-07,NL,네덜란드,904019650.0
202107,2021-07,PH,필리핀,947.0
202107,2021-07,PL,폴란드,0.0
202107,2021-07,PT,포루투갈,0.0
202107,2021-07,RU,러시아 연방,0.0
202107,2021-07,SG,싱가포르,93205735.0
202107,2021-07,TH,태국,0.0
202107,2021-07,TR,튀르키예,0.0
202107,2021-07,TW,대만,3338625.0
202107,2021-07,US,미국,305437284.0
202107,2021-07,VN,베트남,500.0
202108,2021-08,AT,오스트리아,1228143.0
202108,2021-08,CA,캐나다,6420.0
202108,2021-08,CH,스위스,10809.0
202108,2021-08,CN,중국,5610142.0
202108,2021-08,CZ,체코공화국,147095.0
202108,2021-08,DE,독일,6032560.0
202108,2021-08,EG,이집트,0.0
202108,2021-08,FR,프랑스,9542.0
202108,2021-08,GB,영국,12844.0
202108,2021-08,HK,홍콩,36766.0
202108,2021-08,ID,인도네시아,0.0
202108,2021-08,IL,이스라엘,91857.0
202108,2021-08,IN,인도,0.0
202108,2021-08,JP,일본,312278924.0
202108,2021-08,MX,멕시코,34559.0
202108,2021-08,MY,말레이시아,314646.0
202108,2021-08,NL,네덜란드,367283560.0
202108,2021-08,PH,필리핀,9214.0
202108,2021-08,PL,폴란드,0.0
202108,2021-08,RS,세르비아,0.0
202108,2021-08,RU,러시아 연방,0.0
202108,2021-08,SG,싱가포르,53864832.0
202108,2021-08,TH,태국,0.0
202108,2021-08,TR,튀르키예,0.0
202108,2021-08,TW,대만,10169455.0
202108,2021-08,US,미국,188526323.0
202108,2021-08,VN,베트남,8598.0
202109,2021-09,AT,오스트리아,0.0
202109,2021-09,AU,호주,0.0
202109,2021-09,BR,브라질,0.0
202109,2021-09,CA,캐나다,0.0
202109,2021-09,CH,스위스,27903.0
202109,2021-09,CN,중국,756417.0
202109,2021-09,DE,독일,1832371.0
202109,2021-09,FR,프랑스,0.0
202109,2021-09,GB,영국,1727344.0
202109,2021-09,HK,홍콩,0.0
202109,2021-09,IE,아일랜드,7939.0
202109,2021-09,IL,이스라엘,73043.0
202109,2021-09,IN,인도,0.0
202109,2021-09,JP,일본,246398254.0
202109,2021-09,MX,멕시코,17444.0
202109,2021-09,MY,말레이시아,15948682.0
202109,2021-09,NL,네덜란드,346409164.0
202109,2021-09,PH,필리핀,0.0
202109,2021-09,PT,포루투갈,0.0
202109,2021-09,RU,러시아 연방,0.0
202109,2021-09,SG,싱가포르,112622042.0
202109,2021-09,TH,태국,0.0
202109,2021-09,TR,튀르키예,0.0
202109,2021-09,TW,대만,94345.0
202109,2021-09,US,미국,187500791.0
202109,2021-09,VN,베트남,1084.0
202110,2021-10,AT,오스트리아,4149248.0
202110,2021-10,CA,캐나다,0.0
202110,2021-10,CH,스위스,28438.0
202110,2021-10,CN,중국,2138508.0
202110,2021-10,DE,독일,3501708.0
202110,2021-10,FR,프랑스,15355.0
202110,2021-10,GB,영국,42892.0
202110,2021-10,HK,홍콩,712.0
202110,2021-10,IE,아일랜드,0.0
202110,2021-10,IL,이스라엘,48082.0
202110,2021-10,JP,일본,278718783.0
202110,2021-10,MX,멕시코,39464.0
202110,2021-10,MY,말레이시아,7803025.0
202110,2021-10,NL,네덜란드,175083805.0
202110,2021-10,PH,필리핀,0.0
202110,2021-10,PL,폴란드,0.0
202110,2021-10,PT,포루투갈,0.0
202110,2021-10,RU,러시아 연방,0.0
202110,2021-10,SG,싱가포르,123122828.0
202110,2021-10,TH,태국,0.0
202110,2021-10,TR,튀르키예,0.0
202110,2021-10,TW,대만,91137.0
202110,2021-10,US,미국,245389444.0
202110,2021-10,VN,베트남,13063.0
202111,2021-11,AT,오스트리아,65374.0
202111,2021-11,CH,스위스,20983.0
202111,2021-11,CN,중국,1018652.0
202111,2021-11,DE,독일,1730035.0
202111,2021-11,FR,프랑스,4411.0
202111,2021-11,GB,영국,615982.0
202111,2021-11,HK,홍콩,6398.0
202111,2021-11,IL,이스라엘,48150.0
202111,2021-11,IN,인도,0.0
202111,2021-11,JP,일본,333182701.0
202111,2021-11,MX,멕시코,18430.0
202111,2021-11,MY,말레이시아,52557255.0
202111,2021-11,NL,네덜란드,291623586.0
202111,2021-11,PH,필리핀,19789.0
202111,2021-11,PL,폴란드,0.0
202111,2021-11,PT,포루투갈,0.0
202111,2021-11,RU,러시아 연방,0.0
202111,2021-11,SG,싱가포르,110949173.0
202111,2021-11,TH,태국,0.0
202111,2021-11,TR,튀르키예,0.0
202111,2021-11,TW,대만,4143984.0
202111,2021-11,US,미국,352261837.0
202111,2021-11,VN,베트남,49852.0
202112,2021-12,BR,브라질,0.0
202112,2021-12,CA,캐나다,6000.0
202112,2021-12,CH,스위스,24214.0
202112,2021-12,CN,중국,1018830.0
202112,2021-12,CZ,체코공화국,101523.0
202112,2021-12,DE,독일,3126518.0
202112,2021-12,DK,덴마크,48229.0
202112,2021-12,FR,프랑스,26237.0
202112,2021-12,GB,영국,14687.0
202112,2021-12,HK,홍콩,1089.0
202112,2021-12,IE,아일랜드,0.0
202112,2021-12,IL,이스라엘,78791.0
202112,2021-12,IT,이탈리아,0.0
202112,2021-12,JP,일본,342326300.0
202112,2021-12,LV,라트비아,0.0
202112,2021-12,MX,멕시코,96709.0
202112,2021-12,MY,말레이시아,30588778.0
202112,2021-12,NL,네덜란드,809553086.0
202112,2021-12,RU,러시아 연방,0.0
202112,2021-12,SG,싱가포르,67985689.0
202112,2021-12,TH,태국,0.0
202112,2021-12,TW,대만,4379460.0
202112,2021-12,US,미국,248017473.0
202112,2021-12,VN,베트남,1858.0
202201,2022-01,CA,캐나다,0.0
202201,2022-01,CH,스위스,0.0
202201,2022-01,CN,중국,1513380.0
202201,2022-01,CZ,체코공화국,128739.0
202201,2022-01,DE,독일,1095508.0
202201,2022-01,ES,스페인,50.0
202201,2022-01,FR,프랑스,10475.0
202201,2022-01,GB,영국,524.0
202201,2022-01,HK,홍콩,583.0
202201,2022-01,IE,아일랜드,1807.0
202201,2022-01,IL,이스라엘,19734.0
202201,2022-01,IN,인도,0.0
202201,2022-01,IT,이탈리아,886.0
202201,2022-01,JP,일본,270803845.0
202201,2022-01,MX,멕시코,36025.0
202201,2022-01,MY,말레이시아,11337038.0
202201,2022-01,NL,네덜란드,275457356.0
202201,2022-01,PL,폴란드,175.0
202201,2022-01,RU,러시아 연방,0.0
202201,2022-01,SG,싱가포르,144368034.0
202201,2022-01,TH,태국,276.0
202201,2022-01,TR,튀르키예,0.0
202201,2022-01,TW,대만,14245452.0
202201,2022-01,US,미국,290829143.0
202201,2022-01,VN,베트남,1500.0
202202,2022-02,AT,오스트리아,1628.0
202202,2022-02,CA,캐나다,6000.0
202202,2022-02,CH,스위스,22465.0
202202,2022-02,CN,중국,952525.0
202202,2022-02,CZ,체코공화국,0.0
202202,2022-02,DE,독일,878232.0
202202,2022-02,FR,프랑스,0.0
202202,2022-02,GB,영국,1194443.0
202202,2022-02,HK,홍콩,0.0
202202,2022-02,ID,인도네시아,0.0
202202,2022-02,IE,아일랜드,9331.0
202202,2022-02,IL,이스라엘,74009.0
202202,2022-02,IN,인도,0.0
202202,2022-02,JP,일본,290009323.0
202202,2022-02,MX,멕시코,42000.0
202202,2022-02,MY,말레이시아,10546114.0
202202,2022-02,NL,네덜란드,353986972.0
202202,2022-02,PH,필리핀,963.0
202202,2022-02,PL,폴란드,726.0
202202,2022-02,SG,싱가포르,84794349.0
202202,2022-02,TH,태국,0.0
202202,2022-02,TW,대만,10006295.0
202202,2022-02,US,미국,252586418.0
202202,2022-02,VN,베트남,6234.0
202203,2022-03,AT,오스트리아,12056.0
202203,2022-03,BR,브라질,0.0
202203,2022-03,CH,스위스,47083.0
202203,2022-03,CN,중국,342597.0
202203,2022-03,CZ,체코공화국,26.0
202203,2022-03,DE,독일,6458778.0
202203,2022-03,EG,이집트,0.0
202203,2022-03,FR,프랑스,0.0
202203,2022-03,GB,영국,1947110.0
202203,2022-03,HK,홍콩,0.0
202203,2022-03,ID,인도네시아,0.0
202203,2022-03,IE,아일랜드,7076.0
202203,2022-03,IL,이스라엘,0.0
202203,2022-03,IT,이탈리아,1156193.0
202203,2022-03,JP,일본,448369338.0
202203,2022-03,MX,멕시코,7387.0
202203,2022-03,MY,말레이시아,16692478.0
202203,2022-03,NL,네덜란드,361505843.0
202203,2022-03,PH,필리핀,0.0
202203,2022-03,PK,파키스탄,2200.0
202203,2022-03,PL,폴란드,53854.0
202203,2022-03,SG,싱가포르,66911617.0
202203,2022-03,TH,태국,903.0
202203,2022-03,TR,튀르키예,0.0
202203,2022-03,TW,대만,14456152.0
202203,2022-03,US,미국,246224619.0
202203,2022-03,VN,베트남,6389.0
202204,2022-04,AE,아랍에미리트 연합,0.0
202204,2022-04,AT,오스트리아,4034005.0
202204,2022-04,CA,캐나다,7610.0
202204,2022-04,CH,스위스,26728.0
202204,2022-04,CN,중국,607358.0
202204,2022-04,CZ,체코공화국,98433.0
202204,2022-04,DE,독일,1632619.0
202204,2022-04,FR,프랑스,0.0
202204,2022-04,GB,영국,7427215.0
202204,2022-04,HK,홍콩,642.0
202204,2022-04,IE,아일랜드,0.0
202204,2022-04,IL,이스라엘,48960.0
202204,2022-04,IN,인도,0.0
202204,2022-04,IT,이탈리아,0.0
202204,2022-04,JP,일본,311694045.0
202204,2022-04,MX,멕시코,4118.0
202204,2022-04,MY,말레이시아,26101496.0
202204,2022-04,NL,네덜란드,188512231.0
202204,2022-04,PH,필리핀,14506.0
202204,2022-04,PT,포루투갈,0.0
202204,2022-04,RU,러시아 연방,0.0
202204,2022-04,SG,싱가포르,134105654.0
202204,2022-04,TH,태국,0.0
202204,2022-04,TW,대만,3484034.0
202204,2022-04,US,미국,251434116.0
202204,2022-04,VN,베트남,0.0
202205,2022-05,AT,오스트리아,785172.0
202205,2022-05,CH,스위스,2769394.0
202205,2022-05,CN,중국,5775403.0
202205,2022-05,CZ,체코공화국,121506.0
202205,2022-05,DE,독일,440363.0
202205,2022-05,FR,프랑스,461749.0
202205,2022-05,GB,영국,8050.0
202205,2022-05,HK,홍콩,0.0
202205,2022-05,ID,인도네시아,0.0
202205,2022-05,IE,아일랜드,4159.0
202205,2022-05,IL,이스라엘,130.0
202205,2022-05,IT,이탈리아,0.0
202205,2022-05,JP,일본,257095441.0
202205,2022-05,MX,멕시코,2467588.0
202205,2022-05,MY,말레이시아,48497636.0
202205,2022-05,NL,네덜란드,538987748.0
202205,2022-05,PL,폴란드,0.0
202205,2022-05,RO,루마니아,1297.0
202205,2022-05,RU,러시아 연방,10045.0
202205,2022-05,SG,싱가포르,144203302.0
202205,2022-05,TH,태국,0.0
202205,2022-05,TR,튀르키예,0.0
202205,2022-05,TW,대만,3053784.0
202205,2022-05,US,미국,415892360.0
202205,2022-05,VE,베네주엘라,0.0
202205,2022-05,VN,베트남,9655.0
202206,2022-06,AT,오스트리아,3288425.0
202206,2022-06,AU,호주,0.0
202206,2022-06,CH,스위스,2044354.0
202206,2022-06,CN,중국,11868113.0
202206,2022-06,CZ,체코공화국,52885.0
202206,2022-06,DE,독일,368095.0
202206,2022-06,FR,프랑스,0.0
202206,2022-06,GB,영국,200.0
202206,2022-06,HK,홍콩,0.0
202206,2022-06,ID,인도네시아,0.0
202206,2022-06,IE,아일랜드,0.0
202206,2022-06,IL,이스라엘,0.0
202206,2022-06,IT,이탈리아,5055.0
202206,2022-06,JP,일본,301472816.0
202206,2022-06,MX,멕시코,504381.0
202206,2022-06,MY,말레이시아,27070012.0
202206,2022-06,NL,네덜란드,696548374.0
202206,2022-06,PH,필리핀,0.0
202206,2022-06,SG,싱가포르,90877584.0
202206,2022-06,TH,태국,0.0
202206,2022-06,TR,튀르키예,0.0
202206,2022-06,TW,대만,1334886.0
202206,2022-06,US,미국,214171913.0
202206,2022-06,VN,베트남,696.0
202207,2022-07,CH,스위스,4167314.0
202207,2022-07,CN,중국,984045.0
202207,2022-07,CZ,체코공화국,0.0
202207,2022-07,DE,독일,14229526.0
202207,2022-07,ES,스페인,425.0
202207,2022-07,FR,프랑스,0.0
202207,2022-07,GB,영국,0.0
202207,2022-07,HK,홍콩,6230.0
202207,2022-07,IE,아일랜드,0.0
202207,2022-07,IL,이스라엘,9534.0
202207,2022-07,IN,인도,0.0
202207,2022-07,JP,일본,226421214.0
202207,2022-07,MX,멕시코,47965.0
202207,2022-07,MY,말레이시아,4622643.0
202207,2022-07,NL,네덜란드,333523075.0
202207,2022-07,PH,필리핀,0.0
202207,2022-07,PL,폴란드,0.0
202207,2022-07,RU,러시아 연방,0.0
202207,2022-07,SG,싱가포르,90694757.0
202207,2022-07,TH,태국,0.0
202207,2022-07,TW,대만,13512232.0
202207,2022-07,US,미국,367874231.0
202207,2022-07,VN,베트남,587.0
202207,2022-07,ZA,남아프리카공화국,1027.0
202208,2022-08,BE,벨기에,0.0
202208,2022-08,BR,브라질,0.0
202208,2022-08,CA,캐나다,0.0
202208,2022-08,CH,스위스,39885.0
202208,2022-08,CN,중국,2504131.0
202208,2022-08,CZ,체코공화국,0.0
202208,2022-08,DE,독일,351024.0
202208,2022-08,GB,영국,7016380.0
202208,2022-08,HK,홍콩,3500370.0
202208,2022-08,IE,아일랜드,0.0
202208,2022-08,IL,이스라엘,13607.0
202208,2022-08,IT,이탈리아,422.0
202208,2022-08,JP,일본,225814381.0
202208,2022-08,MX,멕시코,10940.0
202208,2022-08,MY,말레이시아,5923523.0
202208,2022-08,NL,네덜란드,377080621.0
202208,2022-08,PH,필리핀,0.0
202208,2022-08,RU,러시아 연방,0.0
202208,2022-08,SG,싱가포르,94237073.0
202208,2022-08,TH,태국,0.0
202208,2022-08,TW,대만,3435670.0
202208,2022-08,US,미국,266390598.0
202208,2022-08,VN,베트남,79077.0
202209,2022-09,AT,오스트리아,0.0
202209,2022-09,CA,캐나다,14204.0
202209,2022-09,CH,스위스,2495998.0
202209,2022-09,CN,중국,3794666.0
202209,2022-09,CZ,체코공화국,0.0
202209,2022-09,DE,독일,2574954.0
202209,2022-09,FR,프랑스,98504.0
202209,2022-09,GB,영국,14249.0
202209,2022-09,HK,홍콩,0.0
202209,2022-09,IE,아일랜드,0.0
202209,2022-09,IL,이스라엘,3480.0
202209,2022-09,IN,인도,0.0
202209,2022-09,IT,이탈리아,0.0
202209,2022-09,JP,일본,234088826.0
202209,2022-09,MX,멕시코,8320.0
202209,2022-09,MY,말레이시아,21889869.0
202209,2022-09,NL,네덜란드,359414263.0
202209,2022-09,PH,필리핀,125.0
202209,2022-09,PL,폴란드,0.0
202209,2022-09,PT,포루투갈,0.0
202209,2022-09,RU,러시아 연방,0.0
202209,2022-09,SA,사우디아라비아,0.0
202209,2022-09,SD,수단,0.0
202209,2022-09,SG,싱가포르,38586816.0
202209,2022-09,TH,태국,0.0
202209,2022-09,TR,튀르키예,0.0
202209,2022-09,TW,대만,8942328.0
202209,2022-09,US,미국,158182949.0
202209,2022-09,VN,베트남,32040.0
202210,2022-10,AT,오스트리아,2664692.0
202210,2022-10,CA,캐나다,0.0
202210,2022-10,CH,스위스,8736.0
202210,2022-10,CN,중국,6872833.0
202210,2022-10,CZ,체코공화국,160761.0
202210,2022-10,DE,독일,4656771.0
202210,2022-10,EG,이집트,0.0
202210,2022-10,FR,프랑스,13091.0
202210,2022-10,GB,영국,13000.0
202210,2022-10,IL,이스라엘,16783.0
202210,2022-10,IN,인도,79.0
202210,2022-10,IT,이탈리아,478086.0
202210,2022-10,JP,일본,155254749.0
202210,2022-10,MX,멕시코,28353.0
202210,2022-10,MY,말레이시아,46673205.0
202210,2022-10,NL,네덜란드,171526246.0
202210,2022-10,PL,폴란드,0.0
202210,2022-10,RU,러시아 연방,0.0
202210,2022-10,SG,싱가포르,135695422.0
202210,2022-10,TH,태국,0.0
202210,2022-10,TR,튀르키예,0.0
202210,2022-10,TW,대만,16646042.0
202210,2022-10,US,미국,257692587.0
202210,2022-10,VN,베트남,9012.0
202211,2022-11,AU,호주,727.0
202211,2022-11,CH,스위스,4042596.0
202211,2022-11,CN,중국,1383711.0
202211,2022-11,CZ,체코공화국,102566.0
202211,2022-11,DE,독일,5199872.0
202211,2022-11,ES,스페인,2825.0
202211,2022-11,FR,프랑스,1578.0
202211,2022-11,GB,영국,580336.0
202211,2022-11,HK,홍콩,9744.0
202211,2022-11,IE,아일랜드,4574.0
202211,2022-11,IL,이스라엘,20447.0
202211,2022-11,IN,인도,0.0
202211,2022-11,IT,이탈리아,0.0
202211,2022-11,JP,일본,277026132.0
202211,2022-11,LK,스리랑카,0.0
202211,2022-11,LU,룩셈부르그,0.0
202211,2022-11,MX,멕시코,6037.0
202211,2022-11,MY,말레이시아,78363387.0
202211,2022-11,NL,네덜란드,300980212.0
202211,2022-11,PH,필리핀,819.0
202211,2022-11,RU,러시아 연방,0.0
202211,2022-11,SA,사우디아라비아,0.0
202211,2022-11,SG,싱가포르,135055034.0
202211,2022-11,TH,태국,0.0
202211,2022-11,TW,대만,19539503.0
202211,2022-11,US,미국,316590627.0
202211,2022-11,VN,베트남,4454.0
202212,2022-12,AT,오스트리아,2032.0
202212,2022-12,BD,방글라데시,0.0
202212,2022-12,CA,캐나다,107.0
202212,2022-12,CH,스위스,2819214.0
202212,2022-12,CN,중국,908942.0
202212,2022-12,CZ,체코공화국,66428.0
202212,2022-12,DE,독일,12215723.0
202212,2022-12,FR,프랑스,12529.0
202212,2022-12,GB,영국,6320022.0
202212,2022-12,HK,홍콩,0.0
202212,2022-12,IE,아일랜드,0.0
202212,2022-12,IL,이스라엘,36987.0
202212,2022-12,IN,인도,0.0
202212,2022-12,IT,이탈리아,0.0
202212,2022-12,JP,일본,325252053.0
202212,2022-12,MX,멕시코,152965.0
202212,2022-12,MY,말레이시아,30204035.0
202212,2022-12,NL,네덜란드,886070447.0
202212,2022-12,PH,필리핀,0.0
202212,2022-12,SG,싱가포르,155059912.0
202212,2022-12,TH,태국,0.0
202212,2022-12,TR,튀르키예,0.0
202212,2022-12,TW,대만,29161054.0
202212,2022-12,US,미국,318235751.0
202212,2022-12,VN,베트남,4405.0
202301,2023-01,AT,오스트리아,10403500.0
202301,2023-01,CH,스위스,16475.0
202301,2023-01,CN,중국,1281759.0
202301,2023-01,DE,독일,9587395.0
202301,2023-01,GB,영국,2329540.0
202301,2023-01,HK,홍콩,230.0
202301,2023-01,IE,아일랜드,7871.0
202301,2023-01,IN,인도,0.0
202301,2023-01,IT,이탈리아,0.0
202301,2023-01,JP,일본,191562655.0
202301,2023-01,MT,몰타,13364.0
202301,2023-01,MX,멕시코,34157.0
202301,2023-01,MY,말레이시아,16256957.0
202301,2023-01,NL,네덜란드,208634307.0
202301,2023-01,RU,러시아 연방,0.0
202301,2023-01,SG,싱가포르,150202243.0
202301,2023-01,TH,태국,0.0
202301,2023-01,TR,튀르키예,0.0
202301,2023-01,TW,대만,10665872.0
202301,2023-01,US,미국,250194020.0
202301,2023-01,VN,베트남,0.0
202302,2023-02,AU,호주,312.0
202302,2023-02,BR,브라질,0.0
202302,2023-02,CH,스위스,7502412.0
202302,2023-02,CN,중국,2597287.0
202302,2023-02,CZ,체코공화국,250825.0
202302,2023-02,DE,독일,1825260.0
202302,2023-02,FR,프랑스,251.0
202302,2023-02,GB,영국,4677.0
202302,2023-02,ID,인도네시아,0.0
202302,2023-02,IL,이스라엘,0.0
202302,2023-02,IN,인도,0.0
202302,2023-02,IT,이탈리아,0.0
202302,2023-02,JP,일본,242916816.0
202302,2023-02,MX,멕시코,25505.0
202302,2023-02,MY,말레이시아,63519671.0
202302,2023-02,NL,네덜란드,109688706.0
202302,2023-02,RU,러시아 연방,0.0
202302,2023-02,SG,싱가포르,165992900.0
202302,2023-02,TH,태국,0.0
202302,2023-02,TR,튀르키예,0.0
202302,2023-02,TW,대만,6798.0
202302,2023-02,US,미국,265256875.0
202302,2023-02,VN,베트남,9740.0
202303,2023-03,AT,오스트리아,2026149.0
202303,2023-03,CH,스위스,2506914.0
202303,2023-03,CN,중국,6186752.0
202303,2023-03,CZ,체코공화국,0.0
202303,2023-03,DE,독일,10243831.0
202303,2023-03,FR,프랑스,244.0
202303,2023-03,GB,영국,0.0
202303,2023-03,HK,홍콩,1251.0
202303,2023-03,IL,이스라엘,190369.0
202303,2023-03,IN,인도,0.0
202303,2023-03,IT,이탈리아,5049.0
202303,2023-03,JP,일본,339944562.0
202303,2023-03,MX,멕시코,19765.0
202303,2023-03,MY,말레이시아,110460823.0
202303,2023-03,NL,네덜란드,417920472.0
202303,2023-03,PH,필리핀,240.0
202303,2023-03,PT,포루투갈,0.0
202303,2023-03,RU,러시아 연방,0.0
202303,2023-03,SG,싱가포르,154101238.0
202303,2023-03,TH,태국,0.0
202303,2023-03,TW,대만,18688924.0
202303,2023-03,US,미국,368609176.0
202303,2023-03,VN,베트남,3981.0
202304,2023-04,AT,오스트리아,4022.0
202304,2023-04,CN,중국,4556032.0
202304,2023-04,CZ,체코공화국,0.0
202304,2023-04,DE,독일,7090465.0
202304,2023-04,EG,이집트,0.0
202304,2023-04,FR,프랑스,0.0
202304,2023-04,GB,영국,12231.0
202304,2023-04,HK,홍콩,2038.0
202304,2023-04,IN,인도,0.0
202304,2023-04,IT,이탈리아,5053.0
202304,2023-04,JP,일본,288633608.0
202304,2023-04,MX,멕시코,8849.0
202304,2023-04,MY,말레이시아,59037697.0
202304,2023-04,NL,네덜란드,683583665.0
202304,2023-04,PH,필리핀,259051.0
202304,2023-04,PL,폴란드,0.0
202304,2023-04,PT,포루투갈,0.0
202304,2023-04,RU,러시아 연방,0.0
202304,2023-04,SG,싱가포르,210312536.0
202304,2023-04,TH,태국,0.0
202304,2023-04,TW,대만,18247077.0
202304,2023-04,US,미국,375991153.0
202304,2023-04,VN,베트남,421.0
202305,2023-05,CA,캐나다,0.0
202305,2023-05,CH,스위스,1055.0
202305,2023-05,CN,중국,3247267.0
202305,2023-05,CZ,체코공화국,77269.0
202305,2023-05,DE,독일,8891681.0
202305,2023-05,FR,프랑스,0.0
202305,2023-05,GB,영국,1315573.0
202305,2023-05,HK,홍콩,0.0
202305,2023-05,ID,인도네시아,0.0
202305,2023-05,IE,아일랜드,0.0
202305,2023-05,IL,이스라엘,8267.0
202305,2023-05,IN,인도,0.0
202305,2023-05,JP,일본,267612191.0
202305,2023-05,MY,말레이시아,78428856.0
202305,2023-05,NL,네덜란드,677090350.0
202305,2023-05,PH,필리핀,6795.0
202305,2023-05,RS,세르비아,0.0
202305,2023-05,RU,러시아 연방,0.0
202305,2023-05,SE,스웨덴,48500.0
202305,2023-05,SG,싱가포르,123951259.0
202305,2023-05,TH,태국,0.0
202305,2023-05,TR,튀르키예,0.0
202305,2023-05,TW,대만,21270503.0
202305,2023-05,US,미국,236400890.0
202305,2023-05,VN,베트남,6285.0
202306,2023-06,AT,오스트리아,2017263.0
202306,2023-06,AU,호주,0.0
202306,2023-06,BR,브라질,0.0
202306,2023-06,CH,스위스,0.0
202306,2023-06,CN,중국,2724850.0
202306,2023-06,CZ,체코공화국,0.0
202306,2023-06,DE,독일,7155261.0
202306,2023-06,DZ,알제리,0.0
202306,2023-06,FR,프랑스,0.0
202306,2023-06,GB,영국,10341.0
202306,2023-06,HK,홍콩,1532.0
202306,2023-06,IE,아일랜드,0.0
202306,2023-06,IL,이스라엘,16644.0
202306,2023-06,IN,인도,0.0
202306,2023-06,IT,이탈리아,0.0
202306,2023-06,JP,일본,273237885.0
202306,2023-06,MY,말레이시아,95949323.0
202306,2023-06,NL,네덜란드,469022739.0
202306,2023-06,PH,필리핀,2898.0
202306,2023-06,PL,폴란드,0.0
202306,2023-06,RU,러시아 연방,0.0
202306,2023-06,SG,싱가포르,160470776.0
202306,2023-06,TH,태국,0.0
202306,2023-06,TR,튀르키예,0.0
202306,2023-06,TW,대만,32070020.0
202306,2023-06,US,미국,249901149.0
202306,2023-06,VN,베트남,130459.0
202306,2023-06,ZA,남아프리카공화국,0.0
202307,2023-07,AE,아랍에미리트 연합,29.0
202307,2023-07,CH,스위스,5490444.0
202307,2023-07,CN,중국,1501214.0
202307,2023-07,CZ,체코공화국,59599.0
202307,2023-07,DE,독일,6536092.0
202307,2023-07,EG,이집트,0.0
202307,2023-07,ES,스페인,451.0
202307,2023-07,FR,프랑스,0.0
202307,2023-07,GB,영국,17156539.0
202307,2023-07,HK,홍콩,3230614.0
202307,2023-07,IE,아일랜드,0.0
202307,2023-07,IL,이스라엘,16201.0
202307,2023-07,IN,인도,0.0
202307,2023-07,JP,일본,216479399.0
202307,2023-07,MY,말레이시아,39722802.0
202307,2023-07,NL,네덜란드,258143009.0
202307,2023-07,PH,필리핀,2417.0
202307,2023-07,RU,러시아 연방,0.0
202307,2023-07,SG,싱가포르,126416557.0
202307,2023-07,TH,태국,0.0
202307,2023-07,TR,튀르키예,0.0
202307,2023-07,TW,대만,15060034.0
202307,2023-07,US,미국,209520632.0
202307,2023-07,VN,베트남,23266.0
202308,2023-08,AU,호주,1035522.0
202308,2023-08,CH,스위스,2744805.0
202308,2023-08,CN,중국,1106028.0
202308,2023-08,CZ,체코공화국,128407.0
202308,2023-08,DE,독일,5515264.0
202308,2023-08,FR,프랑스,237.0
202308,2023-08,GB,영국,5743181.0
202308,2023-08,HK,홍콩,0.0
202308,2023-08,IE,아일랜드,0.0
202308,2023-08,IL,이스라엘,209.0
202308,2023-08,IN,인도,0.0
202308,2023-08,IT,이탈리아,0.0
202308,2023-08,JP,일본,130253531.0
202308,2023-08,LT,리투아니아,0.0
202308,2023-08,MA,모로코,0.0
202308,2023-08,MX,멕시코,35986.0
202308,2023-08,MY,말레이시아,35636466.0
202308,2023-08,NL,네덜란드,382486165.0
202308,2023-08,PL,폴란드,0.0
202308,2023-08,PT,포루투갈,69.0
202308,2023-08,RU,러시아 연방,0.0
202308,2023-08,SG,싱가포르,24889817.0
202308,2023-08,TR,튀르키예,0.0
202308,2023-08,TW,대만,15289330.0
202308,2023-08,US,미국,85880590.0
202308,2023-08,VN,베트남,0.0
202309,2023-09,CH,스위스,5487672.0
202309,2023-09,CN,중국,2964521.0
202309,2023-09,DE,독일,1026941.0
202309,2023-09,EG,이집트,0.0
202309,2023-09,FI,핀란드,0.0
202309,2023-09,FR,프랑스,6592.0
202309,2023-09,GB,영국,2686.0
202309,2023-09,HK,홍콩,4564.0
202309,2023-09,HU,헝가리,10718.0
202309,2023-09,ID,인도네시아,0.0
202309,2023-09,IE,아일랜드,0.0
202309,2023-09,IL,이스라엘,16.0
202309,2023-09,IN,인도,0.0
202309,2023-09,IT,이탈리아,0.0
202309,2023-09,JP,일본,115341742.0
202309,2023-09,KZ,카자흐스탄,74.0
202309,2023-09,MX,멕시코,10974.0
202309,2023-09,MY,말레이시아,41562074.0
202309,2023-09,NL,네덜란드,546755534.0
202309,2023-09,PL,폴란드,0.0
202309,2023-09,PT,포루투갈,0.0
202309,2023-09,SE,스웨덴,65000.0
202309,2023-09,SG,싱가포르,12370013.0
202309,2023-09,TH,태국,0.0
202309,2023-09,TW,대만,10696840.0
202309,2023-09,US,미국,70804602.0
202309,2023-09,VN,베트남,0.0
202310,2023-10,AT,오스트리아,1105049.0
202310,2023-10,CH,스위스,8212037.0
202310,2023-10,CN,중국,15191864.0
202310,2023-10,DE,독일,6750974.0
202310,2023-10,ES,스페인,105.0
202310,2023-10,FR,프랑스,509846.0
202310,2023-10,GB,영국,7249505.0
202310,2023-10,HK,홍콩,0.0
202310,2023-10,IE,아일랜드,0.0
202310,2023-10,IL,이스라엘,1748.0
202310,2023-10,IT,이탈리아,4219530.0
202310,2023-10,JP,일본,140652870.0
202310,2023-10,MX,멕시코,2663.0
202310,2023-10,MY,말레이시아,7016809.0
202310,2023-10,NL,네덜란드,180539446.0
202310,2023-10,PL,폴란드,0.0
202310,2023-10,RS,세르비아,286.0
202310,2023-10,RU,러시아 연방,0.0
202310,2023-10,SG,싱가포르,105336758.0
202310,2023-10,TH,태국,0.0
202310,2023-10,TR,튀르키예,0.0
202310,2023-10,TW,대만,22992528.0
202310,2023-10,US,미국,151052652.0
202310,2023-10,VN,베트남,0.0
202311,2023-11,CA,캐나다,2200.0
202311,2023-11,CH,스위스,3872150.0
202311,2023-11,CN,중국,8798074.0
202311,2023-11,DE,독일,2618751.0
202311,2023-11,FR,프랑스,73767.0
202311,2023-11,GB,영국,9167066.0
202311,2023-11,HK,홍콩,0.0
202311,2023-11,HR,크로아티아,69.0
202311,2023-11,IE,아일랜드,1400.0
202311,2023-11,IL,이스라엘,0.0
202311,2023-11,IN,인도,0.0
202311,2023-11,IT,이탈리아,59.0
202311,2023-11,JP,일본,128528903.0
202311,2023-11,MX,멕시코,7387.0
202311,2023-11,MY,말레이시아,65553264.0
202311,2023-11,NL,네덜란드,196799711.0
202311,2023-11,PL,폴란드,239.0
202311,2023-11,RU,러시아 연방,0.0
202311,2023-11,SG,싱가포르,70332926.0
202311,2023-11,SZ,스와질랜드,0.0
202311,2023-11,TH,태국,0.0
202311,2023-11,TW,대만,28448299.0
202311,2023-11,US,미국,142083824.0
202311,2023-11,VN,베트남,828.0
202312,2023-12,AE,아랍에미리트 연합,0.0
202312,2023-12,AT,오스트리아,8214754.0
202312,2023-12,CA,캐나다,0.0
202312,2023-12,CH,스위스,2730835.0
202312,2023-12,CN,중국,455121.0
202312,2023-12,CZ,체코공화국,83874.0
202312,2023-12,DE,독일,3103437.0
202312,2023-12,ES,스페인,1.0
202312,2023-12,FR,프랑스,301.0
202312,2023-12,GB,영국,11530881.0
202312,2023-12,HU,헝가리,54.0
202312,2023-12,IE,아일랜드,0.0
202312,2023-12,IL,이스라엘,0.0
202312,2023-12,IT,이탈리아,0.0
202312,2023-12,JP,일본,206612857.0
202312,2023-12,LT,리투아니아,0.0
202312,2023-12,MY,말레이시아,132388804.0
202312,2023-12,NL,네덜란드,612027009.0
202312,2023-12,SG,싱가포르,78955151.0
202312,2023-12,TH,태국,266.0
202312,2023-12,TW,대만,8287966.0
202312,2023-12,US,미국,226675267.0
202312,2023-12,VN,베트남,27407.0
202401,2024-01,CH,스위스,2752498.0
202401,2024-01,CN,중국,9986043.0
202401,2024-01,DE,독일,3698580.0
202401,2024-01,DK,덴마크,23950.0
202401,2024-01,FR,프랑스,0.0
202401,2024-01,GB,영국,5755045.0
202401,2024-01,HK,홍콩,0.0
202401,2024-01,ID,인도네시아,0.0
202401,2024-01,IN,인도,0.0
202401,2024-01,IT,이탈리아,4398783.0
202401,2024-01,JP,일본,262642603.0
202401,2024-01,LK,스리랑카,0.0
202401,2024-01,MX,멕시코,22161.0
202401,2024-01,MY,말레이시아,116204257.0
202401,2024-01,NL,네덜란드,35970333.0
202401,2024-01,PH,필리핀,15158.0
202401,2024-01,PL,폴란드,0.0
202401,2024-01,PT,포루투갈,0.0
202401,2024-01,SG,싱가포르,124782758.0
202401,2024-01,TH,태국,0.0
202401,2024-01,TW,대만,24900997.0
202401,2024-01,US,미국,309181584.0
202401,2024-01,VN,베트남,663803.0
202402,2024-02,CA,캐나다,10278.0
202402,2024-02,CN,중국,16848074.0
202402,2024-02,CZ,체코공화국,0.0
202402,2024-02,DE,독일,9194415.0
202402,2024-02,EG,이집트,40.0
202402,2024-02,FR,프랑스,0.0
202402,2024-02,GB,영국,93544.0
202402,2024-02,HK,홍콩,306.0
202402,2024-02,ID,인도네시아,0.0
202402,2024-02,IE,아일랜드,0.0
202402,2024-02,IL,이스라엘,1600.0
202402,2024-02,IN,인도,188.0
202402,2024-02,JP,일본,257073631.0
202402,2024-02,MX,멕시코,3147.0
202402,2024-02,MY,말레이시아,86862263.0
202402,2024-02,NL,네덜란드,326807629.0
202402,2024-02,PH,필리핀,0.0
202402,2024-02,PL,폴란드,0.0
202402,2024-02,PT,포루투갈,4197.0
202402,2024-02,RU,러시아 연방,0.0
202402,2024-02,SG,싱가포르,87655267.0
202402,2024-02,TH,태국,0.0
202402,2024-02,TW,대만,28296875.0
202402,2024-02,US,미국,165642576.0
202402,2024-02,VN,베트남,22969.0
202403,2024-03,AE,아랍에미리트 연합,5114.0
202403,2024-03,AT,오스트리아,361280.0
202403,2024-03,CA,캐나다,0.0
202403,2024-03,CH,스위스,2816169.0
202403,2024-03,CN,중국,4006528.0
202403,2024-03,CR,코스타리카,0.0
202403,2024-03,CZ,체코공화국,71236.0
202403,2024-03,DE,독일,13351592.0
202403,2024-03,FR,프랑스,0.0
202403,2024-03,GB,영국,17036976.0
202403,2024-03,HK,홍콩,0.0
202403,2024-03,IE,아일랜드,0.0
202403,2024-03,IL,이스라엘,500.0
202403,2024-03,JO,요르단,7047.0
202403,2024-03,JP,일본,220023205.0
202403,2024-03,MX,멕시코,4466.0
202403,2024-03,MY,말레이시아,76584815.0
202403,2024-03,NL,네덜란드,351785763.0
202403,2024-03,PH,필리핀,15810.0
202403,2024-03,PL,폴란드,96.0
202403,2024-03,PT,포루투갈,0.0
202403,2024-03,SG,싱가포르,101305001.0
202403,2024-03,TH,태국,504846.0
202403,2024-03,TW,대만,326738.0
202403,2024-03,US,미국,178569980.0
202403,2024-03,VN,베트남,1620.0
202404,2024-04,AE,아랍에미리트 연합,0.0
202404,2024-04,AU,호주,0.0
202404,2024-04,CH,스위스,6337887.0
202404,2024-04,CN,중국,7982245.0
202404,2024-04,CZ,체코공화국,126829.0
202404,2024-04,DE,독일,7430509.0
202404,2024-04,ES,스페인,0.0
202404,2024-04,FR,프랑스,280594.0
202404,2024-04,GB,영국,6160881.0
202404,2024-04,HK,홍콩,0.0
202404,2024-04,IE,아일랜드,0.0
202404,2024-04,IN,인도,0.0
202404,2024-04,IT,이탈리아,2120135.0
202404,2024-04,JP,일본,220010496.0
202404,2024-04,MY,말레이시아,72396208.0
202404,2024-04,NL,네덜란드,169409251.0
202404,2024-04,PL,폴란드,40302.0
202404,2024-04,SA,사우디아라비아,0.0
202404,2024-04,SG,싱가포르,88323332.0
202404,2024-04,TH,태국,0.0
202404,2024-04,TW,대만,39308509.0
202404,2024-04,US,미국,158604131.0
202404,2024-04,VN,베트남,73000.0
202405,2024-05,AE,아랍에미리트 연합,0.0
202405,2024-05,AT,오스트리아,1723462.0
202405,2024-05,AU,호주,0.0
202405,2024-05,CA,캐나다,0.0
202405,2024-05,CH,스위스,4857431.0
202405,2024-05,CN,중국,3233063.0
202405,2024-05,DE,독일,1671731.0
202405,2024-05,ES,스페인,0.0
202405,2024-05,FR,프랑스,0.0
202405,2024-05,GB,영국,353164.0
202405,2024-05,HK,홍콩,0.0
202405,2024-05,IE,아일랜드,0.0
202405,2024-05,IL,이스라엘,5411.0
202405,2024-05,IT,이탈리아,4316598.0
202405,2024-05,JP,일본,124334775.0
202405,2024-05,KG,키르기스스탄,0.0
202405,2024-05,LV,라트비아,0.0
202405,2024-05,MY,말레이시아,55166485.0
202405,2024-05,NL,네덜란드,272077819.0
202405,2024-05,NZ,뉴질랜드,0.0
202405,2024-05,PH,필리핀,2200.0
202405,2024-05,PL,폴란드,45.0
202405,2024-05,SA,사우디아라비아,0.0
202405,2024-05,SG,싱가포르,78589080.0
202405,2024-05,TH,태국,0.0
202405,2024-05,TR,튀르키예,0.0
202405,2024-05,TW,대만,43621419.0
202405,2024-05,US,미국,120009581.0
202405,2024-05,VN,베트남,7193.0
202406,2024-06,AE,아랍에미리트 연합,389.0
202406,2024-06,AT,오스트리아,3350984.0
202406,2024-06,AU,호주,0.0
202406,2024-06,BE,벨기에,0.0
202406,2024-06,BR,브라질,0.0
202406,2024-06,CA,캐나다,320.0
202406,2024-06,CH,스위스,0.0
202406,2024-06,CN,중국,7951552.0
202406,2024-06,DE,독일,19840941.0
202406,2024-06,ES,스페인,490.0
202406,2024-06,FR,프랑스,58950.0
202406,2024-06,GB,영국,5189785.0
202406,2024-06,HK,홍콩,0.0
202406,2024-06,IE,아일랜드,0.0
202406,2024-06,IL,이스라엘,1318.0
202406,2024-06,IT,이탈리아,4296758.0
202406,2024-06,JP,일본,174361680.0
202406,2024-06,MY,말레이시아,64580709.0
202406,2024-06,NL,네덜란드,456211441.0
202406,2024-06,PL,폴란드,510.0
202406,2024-06,PT,포루투갈,0.0
202406,2024-06,SA,사우디아라비아,0.0
202406,2024-06,SE,스웨덴,0.0
202406,2024-06,SG,싱가포르,50893933.0
202406,2024-06,SV,엘살바도르,0.0
202406,2024-06,TH,태국,0.0
202406,2024-06,TW,대만,19616783.0
202406,2024-06,US,미국,152348098.0
202406,2024-06,VN,베트남,5770.0
202407,2024-07,AE,아랍에미리트 연합,0.0
202407,2024-07,AT,오스트리아,0.0
202407,2024-07,AU,호주,0.0
202407,2024-07,BE,벨기에,0.0
202407,2024-07,BR,브라질,0.0
202407,2024-07,CA,캐나다,0.0
202407,2024-07,CH,스위스,1113312.0
202407,2024-07,CL,칠레,0.0
202407,2024-07,CN,중국,21455561.0
202407,2024-07,CO,콜롬비아,0.0
202407,2024-07,CZ,체코공화국,214383.0
202407,2024-07,DE,독일,22087459.0
202407,2024-07,ES,스페인,815.0
202407,2024-07,FR,프랑스,0.0
202407,2024-07,GB,영국,5652888.0
202407,2024-07,HK,홍콩,254.0
202407,2024-07,IE,아일랜드,0.0
202407,2024-07,IL,이스라엘,220.0
202407,2024-07,IN,인도,0.0
202407,2024-07,IT,이탈리아,7438067.0
202407,2024-07,JP,일본,190312965.0
202407,2024-07,MX,멕시코,0.0
202407,2024-07,MY,말레이시아,96451199.0
202407,2024-07,NL,네덜란드,15706806.0
202407,2024-07,NO,노르웨이,0.0
202407,2024-07,PH,필리핀,15810.0
202407,2024-07,PL,폴란드,0.0
202407,2024-07,SA,사우디아라비아,0.0
202407,2024-07,SE,스웨덴,0.0
202407,2024-07,SG,싱가포르,118154805.0
202407,2024-07,TH,태국,7400.0
202407,2024-07,TW,대만,9119112.0
202407,2024-07,US,미국,167387533.0
202407,2024-07,VN,베트남,0.0
202408,2024-08,AE,아랍에미리트 연합,0.0
202408,2024-08,AT,오스트리아,0.0
202408,2024-08,AU,호주,3751.0
202408,2024-08,BE,벨기에,0.0
202408,2024-08,BR,브라질,0.0
202408,2024-08,CA,캐나다,0.0
202408,2024-08,CH,스위스,0.0
202408,2024-08,CL,칠레,0.0
202408,2024-08,CN,중국,11323709.0
202408,2024-08,CZ,체코공화국,77625.0
202408,2024-08,DE,독일,10748524.0
202408,2024-08,ES,스페인,157.0
202408,2024-08,FI,핀란드,0.0
202408,2024-08,FR,프랑스,0.0
202408,2024-08,GB,영국,1080936.0
202408,2024-08,HK,홍콩,0.0
202408,2024-08,IL,이스라엘,35844.0
202408,2024-08,IT,이탈리아,19417.0
202408,2024-08,JP,일본,190090511.0
202408,2024-08,MX,멕시코,102016.0
202408,2024-08,MY,말레이시아,87882967.0
202408,2024-08,NL,네덜란드,79281033.0
202408,2024-08,PH,필리핀,15810.0
202408,2024-08,RE,불령 리유니온 코모도 제도,0.0
202408,2024-08,RO,루마니아,0.0
202408,2024-08,SA,사우디아라비아,292.0
202408,2024-08,SE,스웨덴,0.0
202408,2024-08,SG,싱가포르,69759210.0
202408,2024-08,TH,태국,0.0
202408,2024-08,TW,대만,20597948.0
202408,2024-08,US,미국,99657325.0
202408,2024-08,VN,베트남,0.0
202409,2024-09,AE,아랍에미리트 연합,0.0
202409,2024-09,AU,호주,0.0
202409,2024-09,BR,브라질,0.0
202409,2024-09,CA,캐나다,0.0
202409,2024-09,CH,스위스,569.0
202409,2024-09,CL,칠레,0.0
202409,2024-09,CN,중국,8611022.0
202409,2024-09,DE,독일,8103322.0
202409,2024-09,ES,스페인,198.0
202409,2024-09,FR,프랑스,0.0
202409,2024-09,GB,영국,2636681.0
202409,2024-09,HK,홍콩,0.0
202409,2024-09,HR,크로아티아,41.0
202409,2024-09,IE,아일랜드,0.0
202409,2024-09,IN,인도,74405.0
202409,2024-09,IT,이탈리아,4635870.0
202409,2024-09,JP,일본,207321783.0
202409,2024-09,KG,키르기스스탄,0.0
202409,2024-09,MX,멕시코,7387.0
202409,2024-09,MY,말레이시아,56502716.0
202409,2024-09,NL,네덜란드,858955512.0
202409,2024-09,PH,필리핀,0.0
202409,2024-09,SE,스웨덴,0.0
202409,2024-09,SG,싱가포르,87548771.0
202409,2024-09,TH,태국,0.0
202409,2024-09,TW,대만,27492.0
202409,2024-09,US,미국,182698551.0
202409,2024-09,VN,베트남,0.0
202410,2024-10,AO,앙골라,0.0
202410,2024-10,AT,오스트리아,5240549.0
202410,2024-10,AU,호주,0.0
202410,2024-10,BR,브라질,462.0
202410,2024-10,CA,캐나다,0.0
202410,2024-10,CH,스위스,1151370.0
202410,2024-10,CN,중국,18759222.0
202410,2024-10,DE,독일,7473589.0
202410,2024-10,DK,덴마크,50219.0
202410,2024-10,EG,이집트,0.0
202410,2024-10,FR,프랑스,1743.0
202410,2024-10,GB,영국,3804368.0
202410,2024-10,GP,과델로프,0.0
202410,2024-10,HK,홍콩,48039.0
202410,2024-10,ID,인도네시아,0.0
202410,2024-10,IE,아일랜드,0.0
202410,2024-10,IL,이스라엘,355.0
202410,2024-10,IT,이탈리아,1083.0
202410,2024-10,JP,일본,319142555.0
202410,2024-10,MX,멕시코,14955.0
202410,2024-10,MY,말레이시아,111415633.0
202410,2024-10,NL,네덜란드,152546683.0
202410,2024-10,PH,필리핀,0.0
202410,2024-10,PT,포루투갈,38.0
202410,2024-10,SE,스웨덴,0.0
202410,2024-10,SG,싱가포르,151184374.0
202410,2024-10,TH,태국,0.0
202410,2024-10,TW,대만,16177518.0
202410,2024-10,US,미국,213272971.0
202410,2024-10,VN,베트남,0.0
202411,2024-11,AT,오스트리아,10032707.0
202411,2024-11,AU,호주,0.0
202411,2024-11,BD,방글라데시,0.0
202411,2024-11,BE,벨기에,0.0
202411,2024-11,CA,캐나다,0.0
202411,2024-11,CH,스위스,0.0
202411,2024-11,CL,칠레,0.0
202411,2024-11,CN,중국,408388.0
202411,2024-11,CR,코스타리카,0.0
202411,2024-11,CZ,체코공화국,126021.0
202411,2024-11,DE,독일,6576305.0
202411,2024-11,DK,덴마크,0.0
202411,2024-11,ES,스페인,0.0
202411,2024-11,FR,프랑스,255.0
202411,2024-11,GB,영국,14629.0
202411,2024-11,HK,홍콩,348.0
202411,2024-11,IE,아일랜드,0.0
202411,2024-11,IN,인도,0.0
202411,2024-11,IT,이탈리아,0.0
202411,2024-11,JP,일본,258989944.0
202411,2024-11,MX,멕시코,17451.0
202411,2024-11,MY,말레이시아,113458114.0
202411,2024-11,NL,네덜란드,783923527.0
202411,2024-11,NZ,뉴질랜드,0.0
202411,2024-11,PH,필리핀,0.0
202411,2024-11,PL,폴란드,23.0
202411,2024-11,SA,사우디아라비아,0.0
202411,2024-11,SE,스웨덴,0.0
202411,2024-11,SG,싱가포르,117437478.0
202411,2024-11,TH,태국,0.0
202411,2024-11,TW,대만,5828046.0
202411,2024-11,US,미국,143523800.0
202411,2024-11,VN,베트남,65110.0
202412,2024-12,AE,아랍에미리트 연합,236.0
202412,2024-12,AT,오스트리아,7920139.0
202412,2024-12,AU,호주,0.0
202412,2024-12,CA,캐나다,0.0
202412,2024-12,CH,스위스,947552.0
202412,2024-12,CN,중국,6834241.0
202412,2024-12,CZ,체코공화국,0.0
202412,2024-12,DE,독일,13753387.0
202412,2024-12,ES,스페인,0.0
202412,2024-12,FR,프랑스,262695.0
202412,2024-12,GB,영국,14260.0
202412,2024-12,HK,홍콩,6392.0
202412,2024-12,ID,인도네시아,0.0
202412,2024-12,IE,아일랜드,0.0
202412,2024-12,IN,인도,1434.0
202412,2024-12,IT,이탈리아,0.0
202412,2024-12,JP,일본,314676693.0
202412,2024-12,LK,스리랑카,0.0
202412,2024-12,MX,멕시코,1023709.0
202412,2024-12,MY,말레이시아,74630947.0
202412,2024-12,NL,네덜란드,1024865336.0
202412,2024-12,PH,필리핀,0.0
202412,2024-12,PL,폴란드,680.0
202412,2024-12,SA,사우디아라비아,193.0
202412,2024-12,SE,스웨덴,1388.0
202412,2024-12,SG,싱가포르,104379342.0
202412,2024-12,TH,태국,0.0
202412,2024-12,TW,대만,3663140.0
202412,2024-12,US,미국,198865096.0
202412,2024-12,VN,베트남,1725.0
202501,2025-01,BR,브라질,0.0
202501,2025-01,CA,캐나다,6420.0
202501,2025-01,CH,스위스,20409.0
202501,2025-01,CN,중국,4796617.0
202501,2025-01,CZ,체코공화국,2560.0
202501,2025-01,DE,독일,2067449.0
202501,2025-01,ES,스페인,0.0
202501,2025-01,FR,프랑스,0.0
202501,2025-01,GB,영국,1372349.0
202501,2025-01,HK,홍콩,0.0
202501,2025-01,IN,인도,753.0
202501,2025-01,IT,이탈리아,0.0
202501,2025-01,JP,일본,229818111.0
202501,2025-01,KZ,카자흐스탄,0.0
202501,2025-01,MX,멕시코,0.0
202501,2025-01,MY,말레이시아,149911626.0
202501,2025-01,NL,네덜란드,103612994.0
202501,2025-01,PH,필리핀,31620.0
202501,2025-01,PT,포루투갈,0.0
202501,2025-01,SE,스웨덴,0.0
202501,2025-01,SG,싱가포르,107498187.0
202501,2025-01,TH,태국,0.0
202501,2025-01,TW,대만,4129739.0
202501,2025-01,US,미국,343597036.0
202501,2025-01,VN,베트남,0.0
202502,2025-02,AE,아랍에미리트 연합,223.0
202502,2025-02,AT,오스트리아,663009.0
202502,2025-02,BR,브라질,57.0
202502,2025-02,CA,캐나다,0.0
202502,2025-02,CH,스위스,438410.0
202502,2025-02,CN,중국,7835653.0
202502,2025-02,DE,독일,2260422.0
202502,2025-02,DK,덴마크,2229.0
202502,2025-02,FI,핀란드,0.0
202502,2025-02,FR,프랑스,0.0
202502,2025-02,GB,영국,1314086.0
202502,2025-02,HK,홍콩,0.0
202502,2025-02,ID,인도네시아,0.0
202502,2025-02,IE,아일랜드,5506.0
202502,2025-02,IL,이스라엘,2553.0
202502,2025-02,IN,인도,0.0
202502,2025-02,IT,이탈리아,0.0
202502,2025-02,JP,일본,327916911.0
202502,2025-02,KG,키르기스스탄,0.0
202502,2025-02,MO,마카오,0.0
202502,2025-02,MX,멕시코,525.0
202502,2025-02,MY,말레이시아,174542742.0
202502,2025-02,NL,네덜란드,333102534.0
202502,2025-02,PH,필리핀,0.0
202502,2025-02,PT,포루투갈,81.0
202502,2025-02,SG,싱가포르,127615418.0
202502,2025-02,TH,태국,4414872.0
202502,2025-02,TW,대만,5041087.0
202502,2025-02,US,미국,234032582.0
202502,2025-02,VN,베트남,0.0
202503,2025-03,AT,오스트리아,4756097.0
202503,2025-03,CH,스위스,7469.0
202503,2025-03,CN,중국,3979337.0
202503,2025-03,CZ,체코공화국,0.0
202503,2025-03,DE,독일,2137540.0
202503,2025-03,ES,스페인,0.0
202503,2025-03,FR,프랑스,353.0
202503,2025-03,GB,영국,1289630.0
202503,2025-03,HK,홍콩,0.0
202503,2025-03,IL,이스라엘,18014.0
202503,2025-03,JP,일본,466376791.0
202503,2025-03,MX,멕시코,271743.0
202503,2025-03,MY,말레이시아,126489609.0
202503,2025-03,NL,네덜란드,1330501461.0
202503,2025-03,PH,필리핀,0.0
202503,2025-03,SG,싱가포르,108405815.0
202503,2025-03,TW,대만,3820117.0
202503,2025-03,US,미국,184930935.0
202503,2025-03,VN,베트남,87421.0
202504,2025-04,AI,앙귈라,0.0
202504,2025-04,AT,오스트리아,1961644.0
202504,2025-04,CH,스위스,40819.0
202504,2025-04,CN,중국,5581327.0
202504,2025-04,CZ,체코공화국,0.0
202504,2025-04,DE,독일,554266.0
202504,2025-04,ES,스페인,0.0
202504,2025-04,FR,프랑스,1289.0
202504,2025-04,GB,영국,6849058.0
202504,2025-04,HK,홍콩,0.0
202504,2025-04,IE,아일랜드,5514.0
202504,2025-04,IN,인도,0.0
202504,2025-04,IT,이탈리아,0.0
202504,2025-04,JP,일본,273951509.0
202504,2025-04,MX,멕시코,87330.0
202504,2025-04,MY,말레이시아,182876930.0
202504,2025-04,NL,네덜란드,224070532.0
202504,2025-04,PH,필리핀,15810.0
202504,2025-04,SG,싱가포르,89725993.0
202504,2025-04,TH,태국,0.0
202504,2025-04,TW,대만,4302362.0
202504,2025-04,US,미국,247326696.0
202504,2025-04,VN,베트남,190.0
202505,2025-05,AT,오스트리아,4760239.0
202505,2025-05,AU,호주,65.0
202505,2025-05,CH,스위스,53085.0
202505,2025-05,CN,중국,288611.0
202505,2025-05,CR,코스타리카,1243.0
202505,2025-05,CZ,체코공화국,33661.0
202505,2025-05,DE,독일,7016281.0
202505,2025-05,ES,스페인,0.0
202505,2025-05,FR,프랑스,0.0
202505,2025-05,GB,영국,36338.0
202505,2025-05,HK,홍콩,0.0
202505,2025-05,IE,아일랜드,0.0
202505,2025-05,IL,이스라엘,0.0
202505,2025-05,IT,이탈리아,491.0
202505,2025-05,JP,일본,209955730.0
202505,2025-05,MX,멕시코,27893.0
202505,2025-05,MY,말레이시아,121043898.0
202505,2025-05,NL,네덜란드,313146320.0
202505,2025-05,PH,필리핀,15923.0
202505,2025-05,SG,싱가포르,121726022.0
202505,2025-05,TH,태국,0.0
202505,2025-05,TW,대만,3118856.0
202505,2025-05,US,미국,155975803.0
202505,2025-05,VN,베트남,2000.0
202506,2025-06,AT,오스트리아,19800706.0
202506,2025-06,CH,스위스,3667933.0
202506,2025-06,CN,중국,7778392.0
202506,2025-06,CZ,체코공화국,6756.0
202506,2025-06,DE,독일,1639758.0
202506,2025-06,ES,스페인,0.0
202506,2025-06,FR,프랑스,241723.0
202506,2025-06,GB,영국,12570.0
202506,2025-06,IL,이스라엘,0.0
202506,2025-06,IT,이탈리아,0.0
202506,2025-06,JP,일본,332600620.0
202506,2025-06,MX,멕시코,55786.0
202506,2025-06,MY,말레이시아,133255457.0
202506,2025-06,NL,네덜란드,488937470.0
202506,2025-06,PH,필리핀,0.0
202506,2025-06,SG,싱가포르,97317414.0
202506,2025-06,TH,태국,1877998.0
202506,2025-06,TW,대만,15895308.0
202506,2025-06,US,미국,188248109.0
202506,2025-06,VN,베트남,7412.0
202507,2025-07,AE,아랍에미리트 연합,0.0
202507,2025-07,AT,오스트리아,50.0
202507,2025-07,CA,캐나다,35.0
202507,2025-07,CH,스위스,40818.0
202507,2025-07,CN,중국,15374154.0
202507,2025-07,CZ,체코공화국,376.0
202507,2025-07,DE,독일,1144163.0
202507,2025-07,ES,스페인,0.0
202507,2025-07,FR,프랑스,428425.0
202507,2025-07,GB,영국,5946010.0
202507,2025-07,HK,홍콩,307.0
202507,2025-07,IN,인도,0.0
202507,2025-07,IT,이탈리아,564.0
202507,2025-07,JP,일본,208800239.0
202507,2025-07,MX,멕시코,180468.0
202507,2025-07,MY,말레이시아,86630742.0
202507,2025-07,NL,네덜란드,281186840.0
202507,2025-07,PH,필리핀,31733.0
202507,2025-07,SG,싱가포르,101098731.0
202507,2025-07,TH,태국,0.0
202507,2025-07,TW,대만,11353184.0
202507,2025-07,US,미국,208575834.0
202507,2025-07,VN,베트남,54295.0
202508,2025-08,AT,오스트리아,1009342.0
202508,2025-08,CA,캐나다,0.0
202508,2025-08,CH,스위스,3694177.0
202508,2025-08,CN,중국,3357321.0
202508,2025-08,DE,독일,4335689.0
202508,2025-08,ES,스페인,299.0
202508,2025-08,FI,핀란드,0.0
202508,2025-08,FR,프랑스,34.0
202508,2025-08,GB,영국,0.0
202508,2025-08,HK,홍콩,0.0
202508,2025-08,IL,이스라엘,2410.0
202508,2025-08,JP,일본,182877168.0
202508,2025-08,MX,멕시코,306823.0
202508,2025-08,MY,말레이시아,48640535.0
202508,2025-08,NL,네덜란드,317649530.0
202508,2025-08,PH,필리핀,0.0
202508,2025-08,PT,포루투갈,0.0
202508,2025-08,RO,루마니아,115.0
202508,2025-08,SG,싱가포르,63991969.0
202508,2025-08,TH,태국,0.0
202508,2025-08,TW,대만,4611056.0
202508,2025-08,US,미국,84636963.0
202508,2025-08,VN,베트남,7400.0
202509,2025-09,AR,아르헨티나,1800.0
202509,2025-09,CA,캐나다,4250.0
202509,2025-09,CN,중국,2039442.0
202509,2025-09,DE,독일,659507.0
202509,2025-09,FR,프랑스,666611.0
202509,2025-09,GB,영국,5616598.0
202509,2025-09,HK,홍콩,0.0
202509,2025-09,IL,이스라엘,29.0
202509,2025-09,IN,인도,0.0
202509,2025-09,IT,이탈리아,1261.0
202509,2025-09,JP,일본,330397015.0
202509,2025-09,MX,멕시코,55850.0
202509,2025-09,MY,말레이시아,99955131.0
202509,2025-09,NL,네덜란드,1026018574.0
202509,2025-09,PL,폴란드,6646.0
202509,2025-09,SG,싱가포르,83293472.0
202509,2025-09,TH,태국,0.0
202509,2025-09,TW,대만,7078294.0
202509,2025-09,US,미국,160058690.0
202509,2025-09,VN,베트남,3212.0
202510,2025-10,AT,오스트리아,4751429.0
202510,2025-10,BR,브라질,0.0
202510,2025-10,CH,스위스,40857.0
202510,2025-10,CN,중국,14164926.0
202510,2025-10,DE,독일,349042.0
202510,2025-10,FR,프랑스,0.0
202510,2025-10,GB,영국,51513.0
202510,2025-10,HK,홍콩,961.0
202510,2025-10,HU,헝가리,1267.0
202510,2025-10,IL,이스라엘,0.0
202510,2025-10,IN,인도,1128.0
202510,2025-10,JP,일본,260813195.0
202510,2025-10,MX,멕시코,0.0
202510,2025-10,MY,말레이시아,71922605.0
202510,2025-10,NL,네덜란드,361481647.0
202510,2025-10,PT,포루투갈,55.0
202510,2025-10,SG,싱가포르,119754627.0
202510,2025-10,TH,태국,0.0
202510,2025-10,TW,대만,3348742.0
202510,2025-10,US,미국,200337390.0
202510,2025-10,VN,베트남,0.0
202511,2025-11,AT,오스트리아,4751355.0
202511,2025-11,BD,방글라데시,0.0
202511,2025-11,BR,브라질,0.0
202511,2025-11,CH,스위스,5059001.0
202511,2025-11,CN,중국,957089.0
202511,2025-11,DE,독일,0.0
202511,2025-11,ES,스페인,0.0
202511,2025-11,FR,프랑스,13352.0
202511,2025-11,GB,영국,2687.0
202511,2025-11,IE,아일랜드,0.0
202511,2025-11,IL,이스라엘,517.0
202511,2025-11,IN,인도,1675.0
202511,2025-11,IT,이탈리아,0.0
202511,2025-11,JP,일본,289080724.0
202511,2025-11,MX,멕시코,1021.0
202511,2025-11,MY,말레이시아,129964564.0
202511,2025-11,NL,네덜란드,531722266.0
202511,2025-11,SG,싱가포르,88141306.0
202511,2025-11,TH,태국,0.0
202511,2025-11,TW,대만,2704865.0
202511,2025-11,US,미국,188448555.0
202511,2025-11,VN,베트남,0.0
202512,2025-12,AT,오스트리아,277125.0
202512,2025-12,BD,방글라데시,0.0
202512,2025-12,BR,브라질,0.0
202512,2025-12,CA,캐나다,1715410.0
202512,2025-12,CH,스위스,1360610.0
202512,2025-12,CN,중국,9667633.0
202512,2025-12,DE,독일,6015411.0
202512,2025-12,ES,스페인,0.0
202512,2025-12,FR,프랑스,1208.0
202512,2025-12,GB,영국,1525731.0
202512,2025-12,HK,홍콩,0.0
202512,2025-12,HU,헝가리,2489.0
202512,2025-12,ID,인도네시아,0.0
202512,2025-12,IL,이스라엘,16830.0
202512,2025-12,IT,이탈리아,0.0
202512,2025-12,JP,일본,405103299.0
202512,2025-12,MX,멕시코,0.0
202512,2025-12,MY,말레이시아,157036901.0
202512,2025-12,NL,네덜란드,637052592.0
202512,2025-12,PH,필리핀,0.0
202512,2025-12,PL,폴란드,0.0
202512,2025-12,SG,싱가포르,114308949.0
202512,2025-12,TH,태국,0.0
202512,2025-12,TR,튀르키예,0.0
202512,2025-12,TW,대만,11483841.0
202512,2025-12,US,미국,227176315.0
202512,2025-12,VN,베트남,199.0
202601,2026-01,AT,오스트리아,4206.0
202601,2026-01,CH,스위스,41169.0
202601,2026-01,CN,중국,13057975.0
202601,2026-01,CZ,체코공화국,0.0
202601,2026-01,DE,독일,639074.0
202601,2026-01,ES,스페인,0.0
202601,2026-01,FR,프랑스,0.0
202601,2026-01,GB,영국,16924.0
202601,2026-01,IL,이스라엘,0.0
202601,2026-01,IN,인도,0.0
202601,2026-01,JP,일본,299342597.0
202601,2026-01,MX,멕시코,0.0
202601,2026-01,MY,말레이시아,236963453.0
202601,2026-01,NL,네덜란드,745907136.0
202601,2026-01,PH,필리핀,0.0
202601,2026-01,PL,폴란드,0.0
202601,2026-01,SA,사우디아라비아,0.0
202601,2026-01,SG,싱가포르,161161013.0
202601,2026-01,TH,태국,0.0
202601,2026-01,TW,대만,3208100.0
202601,2026-01,US,미국,253582561.0
202601,2026-01,VN,베트남,8900.0
202602,2026-02,AT,오스트리아,4744994.0
202602,2026-02,CN,중국,1129050.0
202602,2026-02,DE,독일,4961928.0
202602,2026-02,FR,프랑스,0.0
202602,2026-02,GB,영국,6328148.0
202602,2026-02,HU,헝가리,2486.0
202602,2026-02,ID,인도네시아,0.0
202602,2026-02,IE,아일랜드,0.0
202602,2026-02,IN,인도,0.0
202602,2026-02,JP,일본,332988686.0
202602,2026-02,MX,멕시코,0.0
202602,2026-02,MY,말레이시아,160381708.0
202602,2026-02,NL,네덜란드,1194264838.0
202602,2026-02,PH,필리핀,0.0
202602,2026-02,PK,파키스탄,0.0
202602,2026-02,PT,포루투갈,0.0
202602,2026-02,SG,싱가포르,105424906.0
202602,2026-02,TH,태국,1560000.0
202602,2026-02,TW,대만,10985010.0
202602,2026-02,US,미국,154240312.0
202602,2026-02,VN,베트남,465531.0
202603,2026-03,AT,오스트리아,0.0
202603,2026-03,CA,캐나다,402215.0
202603,2026-03,CH,스위스,3690369.0
202603,2026-03,CN,중국,8755742.0
202603,2026-03,DE,독일,3712634.0
202603,2026-03,FI,핀란드,0.0
202603,2026-03,FR,프랑스,497146.0
202603,2026-03,GB,영국,5149345.0
202603,2026-03,HK,홍콩,3803.0
202603,2026-03,ID,인도네시아,0.0
202603,2026-03,IE,아일랜드,0.0
202603,2026-03,IL,이스라엘,0.0
202603,2026-03,IN,인도,0.0
202603,2026-03,JP,일본,513596048.0
202603,2026-03,MX,멕시코,0.0
202603,2026-03,MY,말레이시아,172546583.0
202603,2026-03,NL,네덜란드,1049392356.0
202603,2026-03,PH,필리핀,0.0
202603,2026-03,SG,싱가포르,142758017.0
202603,2026-03,TH,태국,1980000.0
202603,2026-03,TW,대만,6326561.0
202603,2026-03,US,미국,227550582.0
202603,2026-03,VN,베트남,196526.0
202604,2026-04,AT,오스트리아,54845.0
202604,2026-04,CA,캐나다,48.0
202604,2026-04,CH,스위스,126166.0
202604,2026-04,CN,중국,9207983.0
202604,2026-04,CZ,체코공화국,1462621.0
202604,2026-04,DE,독일,13807359.0
202604,2026-04,FR,프랑스,0.0
202604,2026-04,GB,영국,9089480.0
202604,2026-04,HK,홍콩,320.0
202604,2026-04,IE,아일랜드,0.0
202604,2026-04,IL,이스라엘,0.0
202604,2026-04,IN,인도,0.0
202604,2026-04,IT,이탈리아,0.0
202604,2026-04,JP,일본,412167293.0
202604,2026-04,MX,멕시코,0.0
202604,2026-04,MY,말레이시아,162314112.0
202604,2026-04,NL,네덜란드,783891192.0
202604,2026-04,PL,폴란드,0.0
202604,2026-04,SG,싱가포르,164043397.0
202604,2026-04,TH,태국,3254152.0
202604,2026-04,TW,대만,11625152.0
202604,2026-04,US,미국,227424725.0
202604,2026-04,VN,베트남,617.0
202605,2026-05,BE,벨기에,0.0
202605,2026-05,BR,브라질,0.0
202605,2026-05,CA,캐나다,0.0
202605,2026-05,CH,스위스,20409.0
202605,2026-05,CN,중국,8289021.0
202605,2026-05,DE,독일,12710472.0
202605,2026-05,FR,프랑스,10040.0
202605,2026-05,GB,영국,1382.0
202605,2026-05,HK,홍콩,0.0
202605,2026-05,IL,이스라엘,6149.0
202605,2026-05,IN,인도,0.0
202605,2026-05,IT,이탈리아,0.0
202605,2026-05,JP,일본,350806574.0
202605,2026-05,MO,마카오,43500.0
202605,2026-05,MX,멕시코,0.0
202605,2026-05,MY,말레이시아,131077128.0
202605,2026-05,NL,네덜란드,1019300017.0
202605,2026-05,PH,필리핀,1637374.0
202605,2026-05,SG,싱가포르,141705307.0
202605,2026-05,TH,태국,0.0
202605,2026-05,TW,대만,14838095.0
202605,2026-05,US,미국,180577002.0
202605,2026-05,VN,베트남,318.0
