month,yyyymm,value,mom_pct,yoy_pct
1967-01,196701,163.6,,
1967-02,196702,162.4,-0.7334963325183352,
1967-03,196703,162.4,0.0,
1967-04,196704,162.0,-0.24630541871921707,
1967-05,196705,160.4,-0.987654320987652,
1967-06,196706,159.5,-0.5610972568578565,
1967-07,196707,159.0,-0.31347962382445305,
1967-08,196708,158.7,-0.18867924528302993,
1967-09,196709,158.2,-0.3150598613736566,
1967-10,196710,157.9,-0.18963337547407422,
1967-11,196711,157.1,-0.5066497783407287,
1967-12,196712,156.9,-0.12730744748566947,
1968-01,196801,155.7,-0.7648183556405508,-4.828850855745726
1968-02,196802,155.0,-0.4495825305073753,-4.556650246305427
1968-03,196803,153.3,-1.0967741935483777,-5.603448275862066
1968-04,196804,153.3,0.0,-5.370370370370359
1968-05,196805,154.4,0.717547292889753,-3.7406483790523692
1968-06,196806,154.4,0.0,-3.1974921630093966
1968-07,196807,153.6,-0.5181347150259086,-3.396226415094339
1968-08,196808,153.6,0.0,-3.2136105860113395
1968-09,196809,153.9,0.1953125,-2.718078381795186
1968-10,196810,154.2,0.19493177387912564,-2.3432552248258465
1968-11,196811,154.2,0.0,-1.845957988542335
1968-12,196812,154.2,0.0,-1.7208413001912115
1969-01,196901,154.1,-0.06485084306095956,-1.0276172125883054
1969-02,196902,154.4,0.1946787800129801,-0.3870967741935405
1969-03,196903,154.4,0.0,0.717547292889753
1969-04,196904,154.5,0.06476683937823857,0.7827788649706457
1969-05,196905,154.5,0.0,0.06476683937823857
1969-06,196906,154.4,-0.06472491909385036,0.0
1969-07,196907,154.4,0.0,0.5208333333333481
1969-08,196908,154.5,0.06476683937823857,0.5859375
1969-09,196909,154.4,-0.06472491909385036,0.32488628979856493
1969-10,196910,154.5,0.06476683937823857,0.1945525291828787
1969-11,196911,154.5,0.0,0.1945525291828787
1969-12,196912,154.5,0.0,0.1945525291828787
1970-01,197001,154.5,0.0,0.2595717066839809
1970-02,197002,154.2,-0.1941747572815622,-0.12953367875648825
1970-03,197003,154.4,0.12970168612194133,0.0
1970-04,197004,152.6,-1.1658031088082943,-1.2297734627831791
1970-05,197005,152.5,-0.0655307994757548,-1.2944983818770184
1970-06,197006,153.1,0.39344262295082366,-0.8419689119171014
1970-07,197007,153.3,0.13063357282823151,-0.7124352331606132
1970-08,197008,152.5,-0.5218525766471083,-1.2944983818770184
1970-09,197009,152.5,0.0,-1.2305699481865329
1970-10,197010,152.0,-0.3278688524590123,-1.6181229773462813
1970-11,197011,152.5,0.328947368421062,-1.2944983818770184
1970-12,197012,152.0,-0.3278688524590123,-1.6181229773462813
1971-01,197101,151.7,-0.19736842105263497,-1.8122977346278435
1971-02,197102,151.2,-0.3295978905734964,-1.945525291828798
1971-03,197103,150.9,-0.1984126984126866,-2.266839378238339
1971-04,197104,149.3,-1.060304837640813,-2.162516382699853
1971-05,197105,148.9,-0.2679169457468267,-2.3606557377049198
1971-06,197106,148.8,-0.0671591672263272,-2.8086218158066556
1971-07,197107,148.6,-0.13440860215054862,-3.0658838878017014
1971-08,197108,149.1,0.3364737550471064,-2.2295081967213193
1971-09,197109,148.9,-0.13413816230717357,-2.3606557377049198
1971-10,197110,148.9,0.0,-2.0394736842105243
1971-11,197111,149.3,0.2686366689053088,-2.0983606557376966
1971-12,197112,149.3,0.0,-1.7763157894736814
1972-01,197201,148.6,-0.46885465505693835,-2.0435069215556934
1972-02,197202,148.8,0.1345895020188559,-1.5873015873015706
1972-03,197203,147.8,-0.6720430107526876,-2.054340622929085
1972-04,197204,147.5,-0.2029769959404626,-1.2056262558606923
1972-05,197205,147.8,0.20338983050847137,-0.7387508394895881
1972-06,197206,147.8,0.0,-0.6720430107526876
1972-07,197207,148.0,0.13531799729362692,-0.40376850605652326
1972-08,197208,145.6,-1.6216216216216273,-2.3474178403755874
1972-09,197209,144.8,-0.5494505494505364,-2.753525856279382
1972-10,197210,144.8,0.0,-2.753525856279382
1972-11,197211,144.8,0.0,-3.0140656396517085
1972-12,197212,144.9,0.06906077348065587,-2.9470864032150046
1973-01,197301,145.6,0.48309178743961567,-2.0188425302826385
1973-02,197302,145.6,0.0,-2.1505376344086113
1973-03,197303,145.6,0.0,-1.4884979702300516
1973-04,197304,146.2,0.4120879120879106,-0.8813559322033981
1973-05,197305,147.7,1.0259917920656614,-0.06765899864683567
1973-06,197306,147.7,0.0,-0.06765899864683567
1973-07,197307,148.5,0.5416384563304177,0.33783783783782884
1973-08,197308,147.8,-0.471380471380467,1.5109890109890278
1973-09,197309,148.0,0.13531799729362692,2.20994475138121
1973-10,197310,148.0,0.0,2.20994475138121
1973-11,197311,148.1,0.06756756756756133,2.2790055248618657
1973-12,197312,153.1,3.3760972316002613,5.659075224292609
1974-01,197401,152.8,-0.19595035924231397,4.94505494505495
1974-02,197402,152.9,0.06544502617800152,5.013736263736268
1974-03,197403,153.1,0.1308044473512071,5.151098901098905
1974-04,197404,153.4,0.19595035924233617,4.924760601915201
1974-05,197405,153.7,0.19556714471966608,4.062288422478
1974-06,197406,160.3,4.294079375406645,8.530805687203813
1974-07,197407,161.7,0.873362445414827,8.888888888888879
1974-08,197408,162.4,0.43290043290045155,9.87821380243572
1974-09,197409,162.8,0.24630541871921707,10.000000000000009
1974-10,197410,163.8,0.6142506142506221,10.675675675675688
1974-11,197411,164.9,0.6715506715506692,11.343686698176914
1974-12,197412,164.9,0.0,7.707380796864793
1975-01,197501,165.0,0.06064281382656134,7.984293193717273
1975-02,197502,164.9,-0.060606060606060996,7.848266841072604
1975-03,197503,164.9,0.0,7.707380796864793
1975-04,197504,164.2,-0.42449969678594046,7.040417209908734
1975-05,197505,163.8,-0.24360535931788885,6.571242680546541
1975-06,197506,164.0,0.12210012210012167,2.308172177167811
1975-07,197507,163.4,-0.3658536585365857,1.0513296227582014
1975-08,197508,163.3,-0.0611995104039087,0.5541871921182384
1975-09,197509,161.8,-0.9185548071034888,-0.614250614250611
1975-10,197510,160.6,-0.7416563658838138,-1.9536019536019689
1975-11,197511,160.2,-0.24906600249066102,-2.850212249848405
1975-12,197512,159.9,-0.1872659176029856,-3.032140691328078
1976-01,197601,156.7,-2.001250781738595,-5.03030303030304
1976-02,197602,156.4,-0.19144862795148487,-5.154639175257736
1976-03,197603,155.4,-0.6393861892583175,-5.761067313523349
1976-04,197604,155.5,0.06435006435006052,-5.298416565164432
1976-05,197605,155.7,0.12861736334404128,-4.945054945054961
1976-06,197606,155.8,0.06422607578677741,-4.999999999999993
1976-07,197607,155.8,0.0,-4.651162790697672
1976-08,197608,153.9,-1.2195121951219523,-5.756276791181881
1976-09,197609,153.6,-0.19493177387914784,-5.06798516687269
1976-10,197610,152.9,-0.45572916666666297,-4.794520547945202
1976-11,197611,152.7,-0.1308044473512182,-4.681647940074907
1976-12,197612,150.9,-1.178781925343797,-5.628517823639778
1977-01,197701,149.6,-0.8614976805831787,-4.530950861518823
1977-02,197702,149.1,-0.33422459893047707,-4.667519181585689
1977-03,197703,147.2,-1.2743125419181767,-5.276705276705284
1977-04,197704,147.2,0.0,-5.3376205787781466
1977-05,197705,146.5,-0.47554347826086474,-5.908798972382778
1977-06,197706,145.5,-0.6825938566552892,-6.611039794608475
1977-07,197707,144.1,-0.9621993127147843,-7.509627727856238
1977-08,197708,144.0,-0.0693962526023606,-6.432748538011701
1977-09,197709,144.2,0.1388888888888884,-6.119791666666674
1977-10,197710,144.0,-0.1386962552010984,-5.820797907128849
1977-11,197711,143.9,-0.0694444444444442,-5.762933857236396
1977-12,197712,140.3,-2.5017373175816537,-7.024519549370445
1978-01,197801,140.4,0.07127583749109156,-6.149732620320847
1978-02,197802,139.9,-0.35612535612535856,-6.170355466130106
1978-03,197803,139.8,-0.07147962830592602,-5.027173913043459
1978-04,197804,136.4,-2.4320457796852657,-7.336956521739124
1978-05,197805,136.2,-0.14662756598241566,-7.0307167235494905
1978-06,197806,136.3,0.07342143906021725,-6.323024054982806
1978-07,197807,134.7,-1.173881144534128,-6.523247744621797
1978-08,197808,134.5,-0.1484780994803203,-6.597222222222221
1978-09,197809,134.0,-0.371747211895912,-7.073509015256585
1978-10,197810,134.3,0.2238805970149249,-6.736111111111098
1978-11,197811,134.6,0.22338049143706407,-6.462821403752617
1978-12,197812,134.8,0.14858841010403356,-3.9201710620099806
1979-01,197901,134.5,-0.2225519287833877,-4.202279202279202
1979-02,197902,134.5,0.0,-3.8598999285203717
1979-03,197903,134.9,0.29739776951673846,-3.505007153075823
1979-04,197904,135.4,0.3706449221645647,-0.7331378299120228
1979-05,197905,135.3,-0.07385524372229835,-0.6607929515418332
1979-06,197906,135.4,0.07390983000739038,-0.6603081438004477
1979-07,197907,134.5,-0.6646971935007406,-0.1484780994803203
1979-08,197908,134.6,0.07434944237918462,0.07434944237918462
1979-09,197909,135.4,0.5943536404160454,1.0447761194029903
1979-10,197910,135.9,0.36927621861151394,1.1913626209977712
1979-11,197911,136.8,0.6622516556291425,1.6344725111441472
1979-12,197912,138.1,0.9502923976608013,2.448071216617187
1980-01,198001,138.7,0.43446777697320194,3.122676579925643
1980-02,198002,141.4,1.9466474405191114,5.130111524163583
1980-03,198003,142.7,0.9193776520509012,5.782060785767218
1980-04,198004,144.4,1.191310441485638,6.646971935007384
1980-05,198005,145.7,0.9002770083102352,7.6866223207686435
1980-06,198006,147.1,0.9608785175017287,8.641063515509595
1980-07,198007,147.2,0.06798096532969478,9.442379182156134
1980-08,198008,146.7,-0.33967391304348116,8.989598811292709
1980-09,198009,147.0,0.2044989775051187,8.567208271787297
1980-10,198010,146.7,-0.20408163265306367,7.947019867549665
1980-11,198011,145.7,-0.6816632583503734,6.505847953216359
1980-12,198012,146.4,0.48043925875087545,6.010137581462716
1981-01,198101,145.5,-0.6147540983606592,4.902667627974044
1981-02,198102,145.2,-0.20618556701031965,2.6874115983026803
1981-03,198103,145.9,0.4820936639118534,2.2424667133847276
1981-04,198104,145.7,-0.1370801919122755,0.9002770083102352
1981-05,198105,144.7,-0.6863417982155062,-0.6863417982155062
1981-07,198107,142.5,-1.520387007601931,-3.127124405166548
1981-08,198108,142.6,0.070175438596487,-3.125
1981-09,198109,146.0,2.384291725105192,-0.47716428084525475
1981-10,198110,146.3,0.205479452054802,-0.4761904761904634
1981-11,198111,147.1,0.5468215994531622,0.27266530334015826
1981-12,198112,146.5,-0.40788579197824637,0.5490734385724227
1982-01,198201,145.2,-0.8873720136518881,-0.819672131147553
1982-02,198202,144.1,-0.7575757575757569,-0.9621993127147843
1982-03,198203,143.8,-0.2081887578070707,-0.9641873278236734
1982-04,198204,143.0,-0.5563282336578657,-1.9876627827278948
1982-05,198205,142.7,-0.20979020979021712,-2.05902539464653
1982-06,198206,143.0,0.21023125437982237,-1.1748445058742174
1982-07,198207,144.8,1.2587412587412583,1.6140350877193121
1982-08,198208,140.9,-2.6933701657458564,-1.192145862552585
1982-09,198209,141.7,0.5677785663591006,-2.945205479452062
1982-10,198210,141.2,-0.3528581510232942,-3.4859876965140257
1982-11,198211,140.0,-0.8498583569405027,-4.8266485384092395
1982-12,198212,140.4,0.28571428571428914,-4.1638225255972605
1983-01,198301,139.8,-0.42735042735042583,-3.7190082644627975
1983-02,198302,140.0,0.14306151645206988,-2.84524635669674
1983-03,198303,140.8,0.5714285714285783,-2.0862308762169657
1983-04,198304,143.7,2.059659090909083,0.4895104895104918
1983-05,198305,143.8,0.06958942240780086,0.7708479327260154
1983-06,198306,145.9,1.4603616133518793,2.027972027972025
1983-07,198307,146.0,0.06854009595613775,0.828729281767937
1983-08,198308,146.2,0.1369863013698458,3.761533002129158
1983-09,198309,147.9,1.1627906976744207,4.3754410726887905
1983-10,198310,149.4,1.0141987829614507,5.807365439093504
1983-11,198311,149.0,-0.2677376171352108,6.428571428571428
1983-12,198312,149.9,0.6040268456375841,6.766381766381757
1984-01,198401,153.0,2.068045363575721,9.4420600858369
1984-02,198402,152.9,-0.06535947712418277,9.214285714285708
1984-03,198403,154.4,0.9810333551340644,9.659090909090896
1984-04,198404,154.0,-0.2590673575129543,7.1677105080028
1984-05,198405,154.3,0.1948051948051921,7.3018080667593965
1984-06,198406,154.6,0.19442644199609838,5.962988348183673
1984-07,198407,155.5,0.5821474773609392,6.506849315068486
1984-08,198408,155.2,-0.19292604501608412,6.1559507523939905
1984-09,198409,156.4,0.7731958762886793,5.747126436781613
1984-10,198410,157.0,0.38363171355497716,5.087014725568939
1984-11,198411,156.5,-0.31847133757961776,5.033557046979875
1984-12,198412,156.3,-0.12779552715653786,4.269513008672443
1985-01,198501,157.0,0.44785668586051486,2.614379084967311
1985-02,198502,156.6,-0.2547770700636942,2.419882275997387
1985-03,198503,156.4,-0.12771392081736277,1.2953367875647714
1985-04,198504,155.8,-0.38363171355498826,1.1688311688311748
1985-05,198505,152.9,-1.861360718870353,-0.9073233959818516
1985-06,198506,151.3,-1.046435578809679,-2.1345407503233993
1985-07,198507,152.6,0.8592200925313875,-1.864951768488754
1985-08,198508,152.6,0.0,-1.675257731958757
1985-09,198509,153.0,0.2621231979030192,-2.1739130434782594
1985-10,198510,152.1,-0.5882352941176561,-3.121019108280254
1985-11,198511,152.1,0.0,-2.8115015974440882
1985-12,198512,152.6,0.3287310979618763,-2.3672424824056404
1986-01,198601,153.8,0.7863695937090576,-2.0382165605095426
1986-02,198602,154.1,0.19505851755525772,-1.5964240102171123
1986-03,198603,155.0,0.5840363400389403,-0.8951406649616356
1986-04,198604,155.8,0.5161290322580614,0.0
1986-05,198605,155.9,0.06418485237482674,1.962066710268151
1986-06,198606,156.7,0.5131494547786941,3.5690680766688576
1986-07,198607,156.3,-0.2552648372686539,2.4246395806029053
1986-08,198608,155.6,-0.44785668586053706,1.9659239842725995
1986-09,198609,157.4,1.1568123393316254,2.8758169934640643
1986-10,198610,157.4,0.0,3.4845496383957952
1986-11,198611,156.9,-0.31766200762388674,3.155818540433941
1986-12,198612,157.5,0.3824091778202643,3.2110091743119407
1987-01,198701,157.4,-0.06349206349205438,2.3407022106632036
1987-02,198702,157.3,-0.06353240152477957,2.0765736534717805
1987-03,198703,155.7,-1.0171646535283019,0.4516129032257954
1987-04,198704,155.2,-0.32113037893384266,-0.38510911424904926
1987-05,198705,155.0,-0.12886597938143174,-0.5772931366260448
1987-06,198706,155.4,0.2580645161290418,-0.8296107211231529
1987-07,198707,156.5,0.7078507078507101,0.1279590531030106
1987-08,198708,156.8,0.191693290734829,0.7712082262210984
1987-09,198709,156.3,-0.3188775510204134,-0.6988564167725531
1987-10,198710,156.6,0.19193857965449368,-0.5082592121982255
1987-11,198711,156.2,-0.25542784163473664,-0.44614404079031944
1987-12,198712,156.3,0.0640204865557159,-0.7619047619047525
1988-01,198801,155.0,-0.8317338451695577,-1.5247776365946653
1988-02,198802,156.3,0.8387096774193692,-0.6357279084551859
1988-03,198803,155.4,-0.5758157389635365,-0.19267822736029894
1988-04,198804,154.8,-0.38610038610038533,-0.2577319587628746
1988-05,198805,156.1,0.8397932816537335,0.7096774193548372
1988-06,198806,156.5,0.2562459961563235,0.7078507078507101
1988-07,198807,156.5,0.0,0.0
1988-08,198808,157.2,0.4472843450479269,0.25510204081631294
1988-09,198809,156.9,-0.190839694656475,0.38387715930900956
1988-10,198810,155.8,-0.7010834926704845,-0.5108556832694622
1988-11,198811,157.1,0.834403080872903,0.5761843790012877
1988-12,198812,157.2,0.06365372374284028,0.5758157389635254
1989-01,198901,155.3,-1.2086513994910786,0.1935483870967758
1989-02,198902,155.5,0.12878300064391723,-0.5118362124120313
1989-03,198903,155.2,-0.19292604501608412,-0.12870012870014325
1989-04,198904,155.1,-0.06443298969072142,0.19379844961238124
1989-05,198905,155.1,0.0,-0.6406149903907754
1989-06,198906,155.4,0.19342359767893225,-0.7028753993610137
1989-07,198907,155.0,-0.2574002574002643,-0.9584664536741228
1989-08,198908,155.1,0.0645161290322438,-1.3358778625954137
1989-09,198909,154.8,-0.19342359767891004,-1.3384321223709361
1989-10,198910,156.0,0.7751937984496138,0.12836970474967568
1989-11,198911,154.9,-0.7051282051282026,-1.400381922342453
1989-12,198912,153.3,-1.0329244673983218,-2.4809160305343414
1990-01,199001,153.4,0.0652315720808927,-1.2234385061171915
1990-02,199002,152.7,-0.45632333767927635,-1.8006430868167222
1990-03,199003,152.3,-0.2619515389652771,-1.86855670103091
1990-04,199004,151.9,-0.26263952724885353,-2.063185041908444
1990-05,199005,151.9,0.0,-2.063185041908444
1990-06,199006,152.1,0.13166556945358732,-2.1235521235521304
1990-07,199007,151.8,-0.19723865877711022,-2.0645161290322456
1990-08,199008,150.3,-0.988142292490124,-3.0947775628626606
1990-09,199009,150.3,0.0,-2.9069767441860517
1990-10,199010,150.3,0.0,-3.653846153846152
1990-11,199011,150.1,-0.13306719893547703,-3.0987734021949764
1990-12,199012,150.1,0.0,-2.0874103065883998
1991-01,199101,151.4,0.8660892738174608,-1.3037809647979182
1991-02,199102,151.4,0.0,-0.8513425016371867
1991-03,199103,149.5,-1.2549537648612996,-1.8384766907419636
1991-04,199104,149.6,0.06688963210701449,-1.5141540487162652
1991-05,199105,149.4,-0.13368983957218195,-1.6458196181698526
1991-06,199106,149.5,0.0669344042838027,-1.7094017094017033
1991-07,199107,148.3,-0.8026755852842737,-2.305665349143615
1991-08,199108,147.9,-0.2697235333782966,-1.5968063872255578
1991-09,199109,146.9,-0.6761325219743042,-2.262142381902865
1991-10,199110,145.9,-0.6807351940095296,-2.9274783765801726
1991-11,199111,145.2,-0.47978067169295313,-3.264490339773485
1991-12,199112,145.4,0.13774104683197397,-3.1312458361092532
1992-01,199201,144.1,-0.8940852819807499,-4.821664464993402
1992-02,199202,143.6,-0.3469812630117919,-5.151915455746369
1992-03,199203,145.2,1.1142061281337101,-2.8762541806020114
1992-04,199204,144.6,-0.4132231404958664,-3.342245989304815
1992-05,199205,142.4,-1.5214384508990264,-4.685408299866134
1992-06,199206,141.8,-0.4213483146067398,-5.150501672240793
1992-07,199207,141.0,-0.5641748942172176,-4.922454484153748
1992-08,199208,140.2,-0.5673758865248346,-5.206220419202179
1992-09,199209,140.2,0.0,-4.560925799863869
1992-10,199210,140.4,0.14265335235379428,-3.7697052775873874
1992-11,199211,139.7,-0.4985754985755153,-3.7878787878787845
1992-12,199212,140.9,0.8589835361489051,-3.0949105914718
1993-01,199301,140.3,-0.42583392476933657,-2.637057598889647
1993-02,199302,141.0,0.49893086243761875,-1.810584958217265
1993-03,199303,141.5,0.35460992907800915,-2.5482093663911742
1993-04,199304,141.7,0.1413427561837377,-2.0055325034578186
1993-05,199305,142.4,0.49400141143260967,0.0
1993-06,199306,142.6,0.1404494382022392,0.5641748942171843
1993-07,199307,141.6,-0.7012622720897643,0.42553191489360653
1993-08,199308,141.6,0.0,0.9985734664764712
1993-09,199309,141.7,0.07062146892655718,1.0699001426533572
1993-10,199310,142.5,0.5645730416372619,1.4957264957264904
1993-11,199311,143.2,0.49122807017543124,2.505368647100936
1993-12,199312,142.3,-0.6284916201117152,0.9936124911284594
1994-01,199401,141.8,-0.35137034434293835,1.0691375623663513
1994-02,199402,141.4,-0.28208744710860323,0.28368794326241176
1994-03,199403,141.1,-0.21216407355022504,-0.2826855123674976
1994-04,199404,141.4,0.2126151665485576,-0.21171489061395654
1994-05,199405,142.2,0.5657708628005631,-0.1404494382022614
1994-06,199406,142.4,0.14064697609001975,-0.14025245441794398
1994-07,199407,142.0,-0.2808988764045006,0.28248587570622874
1994-08,199408,140.3,-1.1971830985915366,-0.9180790960451879
1994-09,199409,138.7,-1.140413399857465,-2.117148906139732
1994-10,199410,137.3,-1.0093727469358216,-3.649122807017535
1994-11,199411,136.7,-0.43699927166789276,-4.5391061452513926
1994-12,199412,136.1,-0.4389173372348121,-4.356992269852434
1995-01,199501,135.1,-0.7347538574577483,-4.724964739069126
1995-02,199502,136.4,0.9622501850481191,-3.536067892503536
1995-03,199503,133.4,-2.1994134897360684,-5.457122608079368
1995-04,199504,133.1,-0.2248875562218977,-5.869872701555878
1995-05,199505,132.4,-0.5259203606310936,-6.891701828410679
1995-06,199506,132.1,-0.22658610271903967,-7.233146067415741
1995-07,199507,130.3,-1.362604087812247,-8.2394366197183
1995-08,199508,129.6,-0.5372217958557357,-7.626514611546698
1995-09,199509,129.8,0.15432098765433278,-6.416726748377776
1995-10,199510,129.9,0.07704160246533309,-5.3896576839038595
1995-11,199511,130.0,0.07698229407235857,-4.901243599122163
1995-12,199512,128.9,-0.8461538461538409,-5.290227773695799
1996-01,199601,129.2,0.23273855702092838,-4.367135455218363
1996-02,199602,128.6,-0.4643962848297156,-5.718475073313789
1996-03,199603,125.5,-2.4105754276827374,-5.922038980509747
1996-04,199604,123.5,-1.5936254980079667,-7.212622088655141
1996-05,199605,121.9,-1.2955465587044523,-7.9305135951661665
1996-06,199606,120.9,-0.8203445447087732,-8.478425435276293
1996-07,199607,121.0,0.08271298593878207,-7.137375287797399
1996-08,199608,121.4,0.33057851239670644,-6.327160493827155
1996-09,199609,121.4,0.0,-6.471494607087836
1996-10,199610,118.8,-2.1416803953871577,-8.545034642032334
1996-11,199611,118.5,-0.2525252525252486,-8.846153846153848
1996-12,199612,118.2,-0.25316455696202667,-8.30100853374709
1997-01,199701,116.6,-1.3536379018612599,-9.75232198142415
1997-02,199702,114.8,-1.5437392795883298,-10.730948678071538
1997-03,199703,114.8,0.0,-8.525896414342625
1997-04,199704,114.0,-0.6968641114982521,-7.692307692307687
1997-05,199705,111.6,-2.1052631578947434,-8.449548810500417
1997-06,199706,112.0,0.35842293906811484,-7.361455748552526
1997-07,199707,111.8,-0.17857142857142794,-7.60330578512397
1997-08,199708,108.1,-3.3094812164579657,-10.95551894563428
1997-09,199709,107.9,-0.18501387604069608,-11.120263591433277
1997-10,199710,106.2,-1.575532900834109,-10.606060606060597
1997-11,199711,105.4,-0.7532956685499026,-11.054852320675101
1997-12,199712,105.2,-0.189753320683117,-10.998307952622676
1998-01,199801,104.1,-1.0456273764258617,-10.720411663807894
1998-02,199802,103.2,-0.8645533141210304,-10.104529616724733
1998-03,199803,103.1,-0.09689922480621282,-10.19163763066202
1998-04,199804,102.9,-0.19398642095052043,-9.736842105263154
1998-05,199805,102.0,-0.8746355685131268,-8.602150537634401
1998-06,199806,101.9,-0.09803921568627416,-9.017857142857133
1998-07,199807,101.5,-0.39254170755643747,-9.2128801431127
1998-08,199808,101.0,-0.49261083743842304,-6.567992599444949
1998-09,199809,100.3,-0.6930693069306937,-7.043558850787779
1998-10,199810,100.2,-0.09970089730807485,-5.649717514124298
1998-11,199811,100.1,-0.09980039920161055,-5.028462998102478
1998-12,199812,100.0,-0.09990009990009652,-4.942965779467679
1999-01,199901,99.4,-0.5999999999999894,-4.514889529298738
1999-02,199902,99.1,-0.3018108651911544,-3.9728682170542706
1999-03,199903,98.9,-0.20181634712410634,-4.0737148399611955
1999-04,199904,98.5,-0.4044489383215444,-4.275996112730807
1999-05,199905,98.4,-0.10152284263958977,-3.529411764705881
1999-06,199906,97.5,-0.9146341463414642,-4.317958783120712
1999-07,199907,96.9,-0.6153846153846065,-4.532019704433488
1999-08,199908,96.8,-0.10319917440660964,-4.158415841584162
1999-09,199909,97.0,0.20661157024792765,-3.2901296111664924
1999-10,199910,96.3,-0.7216494845360799,-3.8922155688622784
1999-11,199911,95.4,-0.9345794392523255,-4.695304695304681
1999-12,199912,94.8,-0.6289308176100739,-5.200000000000005
2000-01,200001,93.3,-1.5822784810126556,-6.136820925553332
2000-02,200002,92.2,-1.1789924973204635,-6.962663975782036
2000-03,200003,92.1,-0.10845986984816536,-6.8756319514661435
2000-04,200004,92.0,-0.10857763300758938,-6.598984771573601
2000-05,200005,90.4,-1.7391304347825987,-8.130081300813007
2000-06,200006,90.6,0.22123893805308104,-7.07692307692308
2000-07,200007,91.3,0.7726269315673218,-5.779153766769873
2000-08,200008,91.5,0.21905805038335835,-5.475206611570249
2000-09,200009,91.0,-0.5464480874316946,-6.185567010309279
2000-10,200010,90.1,-0.9890109890109966,-6.438213914849433
2000-11,200011,89.6,-0.5549389567147567,-6.079664570230614
2000-12,200012,89.2,-0.44642857142855874,-5.907172995780585
2001-01,200101,89.2,0.0,-4.394426580921751
2001-02,200102,88.8,-0.4484304932735439,-3.6876355748373113
2001-03,200103,88.6,-0.22522522522522292,-3.800217155266017
2001-04,200104,87.7,-1.0158013544018019,-4.673913043478262
2001-05,200105,87.8,0.11402508551880963,-2.8761061946902755
2001-06,200106,87.3,-0.5694760820045608,-3.6423841059602613
2001-07,200107,86.4,-1.0309278350515316,-5.366922234392102
2001-08,200108,85.4,-1.157407407407407,-6.666666666666665
2001-09,200109,85.3,-0.11709601873537423,-6.263736263736264
2001-10,200110,84.9,-0.4689331770222682,-5.771365149833507
2001-11,200111,85.0,0.11778563015312216,-5.133928571428569
2001-12,200112,85.1,0.11764705882353343,-4.596412556053819
2002-01,200201,85.1,0.0,-4.596412556053819
2002-02,200202,85.3,0.2350176263219872,-3.94144144144144
2002-03,200203,85.4,0.11723329425556983,-3.6117381489841893
2002-04,200204,84.1,-1.5222482435597318,-4.104903078677314
2002-05,200205,83.8,-0.3567181926278251,-4.555808656036442
2002-06,200206,83.6,-0.23866348448687846,-4.238258877434142
2002-07,200207,83.8,0.23923444976077235,-3.009259259259267
2002-08,200208,83.7,-0.11933174224343368,-1.9906323185011732
2002-09,200209,83.5,-0.2389486260453988,-2.1101992966002348
2002-10,200210,83.3,-0.23952095808383866,-1.8845700824499545
2002-11,200211,83.2,-0.12004801920767472,-2.117647058823524
2002-12,200212,80.4,-3.3653846153846145,-5.5229142185663775
2003-01,200301,80.2,-0.24875621890547706,-5.757931844888353
2003-02,200302,79.8,-0.4987531172069848,-6.447831184056274
2003-03,200303,79.4,-0.5012531328320691,-7.025761124121777
2003-04,200304,79.4,0.0,-5.588585017835901
2003-05,200305,79.5,0.12594458438286438,-5.1312649164677815
2003-06,200306,78.6,-1.132075471698124,-5.980861244019142
2003-07,200307,78.6,0.0,-6.205250596658718
2003-08,200308,74.3,-5.470737913486001,-11.230585424133821
2003-09,200309,72.9,-1.8842530282637826,-12.694610778443105
2003-10,200310,72.9,0.0,-12.484993997599025
2003-11,200311,73.6,0.9602194787379892,-11.538461538461553
2003-12,200312,72.0,-2.1739130434782483,-10.447761194029859
2004-01,200401,71.7,-0.4166666666666652,-10.598503740648379
2004-02,200402,72.0,0.4184100418409997,-9.774436090225558
2004-03,200403,71.6,-0.5555555555555647,-9.823677581863999
2004-04,200404,71.8,0.27932960893854997,-9.571788413098247
2004-05,200405,71.8,0.0,-9.685534591194978
2004-06,200406,72.2,0.5571030640668662,-8.14249363867684
2004-07,200407,72.1,-0.13850415512466352,-8.269720101781175
2004-08,200408,71.8,-0.4160887656033285,-3.364737550471064
2004-09,200409,71.5,-0.41782729805013297,-1.9204389574760006
2004-10,200410,71.2,-0.41958041958041203,-2.3319615912208547
2004-11,200411,71.0,-0.2808988764045006,-3.532608695652162
2004-12,200412,71.5,0.7042253521126751,-0.694444444444442
2005-01,200501,70.5,-1.3986013986013957,-1.673640167364021
2005-02,200502,70.3,-0.28368794326241176,-2.361111111111114
2005-03,200503,70.1,-0.2844950213371278,-2.0949720670391025
2005-04,200504,70.0,-0.14265335235377208,-2.506963788300831
2005-05,200505,70.0,0.0,-2.506963788300831
2005-06,200506,69.8,-0.28571428571428914,-3.3240997229917024
2005-07,200507,70.1,0.42979942693408546,-2.77392510402219
2005-08,200508,70.3,0.28530670470756636,-2.089136490250698
2005-09,200509,69.4,-1.2802275960170584,-2.9370629370629286
2005-10,200510,68.7,-1.008645533141217,-3.51123595505618
2005-11,200511,67.7,-1.455604075691408,-4.647887323943656
2005-12,200512,67.2,-0.738552437223039,-6.013986013986006
2006-01,200601,66.5,-1.041666666666674,-5.6737588652482245
2006-02,200602,65.9,-0.9022556390977376,-6.258890469416778
2006-03,200603,65.6,-0.4552352048558639,-6.4194008559201094
2006-04,200604,66.4,1.2195121951219745,-5.142857142857138
2006-05,200605,66.6,0.30120481927709,-4.857142857142859
2006-06,200606,66.5,-0.15015015015014122,-4.727793696275073
2006-07,200607,66.7,0.3007518796992459,-4.850213980028517
2006-08,200608,66.6,-0.14992503748126884,-5.263157894736848
2006-09,200609,67.3,1.0510510510510551,-3.02593659942364
2006-10,200610,66.6,-1.0401188707280906,-3.056768558951972
2006-11,200611,66.8,0.30030030030030463,-1.3293943870014813
2006-12,200612,66.8,0.0,-0.5952380952381042
2007-01,200701,67.0,0.29940119760478723,0.7518796992481258
2007-02,200702,62.5,-6.716417910447758,-5.15933232169955
2007-03,200703,60.9,-2.5600000000000067,-7.164634146341453
2007-04,200704,60.8,-0.16420361247947435,-8.433734939759052
2007-05,200705,59.5,-2.1381578947368363,-10.660660660660648
2007-06,200706,60.1,1.0084033613445342,-9.624060150375936
2007-07,200707,58.3,-2.9950083194675625,-12.593703148425794
2007-08,200708,57.1,-2.0583190394511064,-14.26426426426426
2007-09,200709,56.4,-1.2259194395796924,-16.196136701337295
2007-10,200710,55.1,-2.3049645390070927,-17.26726726726726
2007-11,200711,54.8,-0.5444646098003658,-17.964071856287422
2007-12,200712,53.9,-1.6423357664233529,-19.311377245508975
2008-01,200801,53.6,-0.5565862708719838,-19.999999999999996
2008-02,200802,53.5,-0.1865671641791078,-14.400000000000002
2008-03,200803,53.5,0.0,-12.151067323481113
2008-04,200804,53.4,-0.18691588785046953,-12.171052631578949
2008-05,200805,53.5,0.18726591760300781,-10.084033613445376
2008-06,200806,53.3,-0.37383177570093906,-11.314475873544104
2008-07,200807,52.8,-0.9380863039399667,-9.433962264150942
2008-08,200808,52.4,-0.7575757575757569,-8.231173380035028
2008-09,200809,52.3,-0.1908396946564861,-7.2695035460992985
2008-10,200810,52.6,0.5736137667304186,-4.537205081669693
2008-11,200811,52.0,-1.1406844106463865,-5.109489051094885
2008-12,200812,51.4,-1.1538461538461608,-4.638218923933213
2009-01,200901,50.0,-2.7237354085603127,-6.716417910447758
2009-02,200902,50.4,0.8000000000000007,-5.794392523364489
2009-03,200903,49.7,-1.388888888888884,-7.102803738317753
2009-04,200904,49.2,-1.0060362173038184,-7.86516853932584
2009-05,200905,49.4,0.40650406504063596,-7.663551401869162
2009-06,200906,49.3,-0.2024291497975783,-7.5046904315197
2009-07,200907,49.8,1.0141987829614507,-5.681818181818176
2009-08,200908,49.9,0.20080321285140812,-4.770992366412219
2009-09,200909,49.9,0.0,-4.588910133843205
2009-10,200910,50.1,0.4008016032064132,-4.752851711026618
2009-11,200911,50.1,0.0,-3.653846153846152
2009-12,200912,50.0,-0.1996007984031989,-2.7237354085603127
2010-01,201001,48.3,-3.400000000000003,-3.400000000000003
2010-02,201002,48.7,0.8281573498964967,-3.373015873015861
2010-03,201003,48.5,-0.4106776180698213,-2.4144869215291798
2010-04,201004,48.3,-0.4123711340206282,-1.8292682926829396
2010-05,201005,48.3,0.0,-2.2267206477732837
2010-06,201006,47.8,-1.0351966873705987,-3.0425963488843855
2010-07,201007,47.9,0.20920502092049986,-3.8152610441766988
2010-08,201008,47.2,-1.4613778705636626,-5.4108216432865675
2010-09,201009,46.7,-1.0593220338983023,-6.412825651302601
2010-10,201010,46.2,-1.0706638115631661,-7.784431137724546
2010-11,201011,44.7,-3.2467532467532423,-10.77844311377245
2010-12,201012,44.2,-1.118568232662187,-11.6
2011-01,201101,44.1,-0.2262443438914019,-8.695652173913038
2011-02,201102,44.6,1.133786848072571,-8.418891170431209
2011-03,201103,44.4,-0.4484304932735439,-8.453608247422684
2011-04,201104,44.1,-0.6756756756756688,-8.695652173913038
2011-05,201105,44.1,0.0,-8.695652173913038
2011-06,201106,44.2,0.22675736961450532,-7.531380753138062
2011-07,201107,43.9,-0.6787330316742168,-8.350730688935283
2011-08,201108,43.6,-0.6833712984054552,-7.6271186440677985
2011-09,201109,42.6,-2.2935779816513735,-8.779443254817988
2011-10,201110,42.5,-0.23474178403756207,-8.00865800865801
2011-11,201111,41.7,-1.8823529411764683,-6.711409395973156
2011-12,201112,40.8,-2.158273381294973,-7.692307692307709
2012-01,201201,40.3,-1.225490196078427,-8.61678004535148
2012-02,201202,40.4,0.24813895781639062,-9.4170403587444
2012-03,201203,40.3,-0.24752475247524774,-9.23423423423424
2012-04,201204,40.4,0.24813895781639062,-8.390022675736963
2012-05,201205,40.7,0.7425742574257432,-7.709750566893425
2012-06,201206,40.1,-1.4742014742014753,-9.276018099547512
2012-07,201207,40.0,-0.24937655860349794,-8.883826879271073
2012-08,201208,39.7,-0.7499999999999951,-8.944954128440363
2012-09,201209,39.7,0.0,-6.8075117370892
2012-10,201210,39.7,0.0,-6.58823529411764
2012-11,201211,39.4,-0.7556675062972418,-5.515587529976029
2012-12,201212,39.1,-0.761421319796951,-4.166666666666652
2013-01,201301,39.2,0.2557544757033181,-2.7295285359801302
2013-02,201302,39.1,-0.25510204081633514,-3.2178217821782096
2013-03,201303,38.8,-0.7672634271099876,-3.7220843672456594
2013-04,201304,39.4,1.546391752577314,-2.4752475247524774
2013-05,201305,39.8,1.0152284263959421,-2.211302211302224
2013-06,201306,39.8,0.0,-0.7481296758104827
2013-07,201307,39.8,0.0,-0.5000000000000115
2013-08,201308,39.6,-0.5025125628140614,-0.25188916876575096
2013-09,201309,39.3,-0.757575757575768,-1.0075566750629816
2013-10,201310,39.4,0.2544529262086481,-0.7556675062972418
2013-11,201311,39.4,0.0,0.0
2013-12,201312,39.4,0.0,0.7672634271099765
2014-01,201401,38.7,-1.776649746192882,-1.2755102040816313
2014-02,201402,38.5,-0.5167958656330796,-1.534526854219953
2014-03,201403,38.3,-0.5194805194805308,-1.2886597938144284
2014-04,201404,38.3,0.0,-2.7918781725888353
2014-05,201405,38.3,0.0,-3.7688442211055273
2014-06,201406,38.3,0.0,-3.7688442211055273
2014-07,201407,38.3,0.0,-3.7688442211055273
2014-08,201408,38.3,0.0,-3.2828282828282984
2014-09,201409,38.4,0.26109660574413773,-2.2900763358778553
2014-10,201410,38.3,-0.26041666666667407,-2.7918781725888353
2014-11,201411,38.2,-0.26109660574411553,-3.045685279187804
2014-12,201412,38.2,0.0,-3.045685279187804
2015-01,201501,38.1,-0.2617801047120505,-1.5503875968992276
2015-02,201502,38.1,0.0,-1.0389610389610393
2015-03,201503,38.0,-0.2624671916010568,-0.7832898172323688
2015-04,201504,37.9,-0.2631578947368429,-1.0443864229764954
2015-05,201505,38.0,0.26385224274407815,-0.7832898172323688
2015-06,201506,37.6,-1.0526315789473606,-1.8276762402088642
2015-07,201507,37.7,0.26595744680850686,-1.5665796344647376
2015-08,201508,37.4,-0.7957559681697757,-2.3498694516971286
2015-09,201509,37.3,-0.2673796791443861,-2.864583333333337
2015-10,201510,37.3,0.0,-2.610966057441255
2015-11,201511,37.3,0.0,-2.3560209424083878
2015-12,201512,37.2,-0.2680965147452974,-2.617801047120416
2016-01,201601,36.7,-1.3440860215053752,-3.6745406824146953
2016-02,201602,36.5,-0.5449591280654031,-4.199475065616798
2016-03,201603,36.4,-0.2739726027397249,-4.210526315789476
2016-04,201604,36.4,0.0,-3.95778364116095
2016-05,201605,36.4,0.0,-4.210526315789476
2016-06,201606,36.3,-0.27472527472527375,-3.4574468085106447
2016-07,201607,36.3,0.0,-3.7135278514588976
2016-08,201608,36.2,-0.2754820936638924,-3.208556149732611
2016-09,201609,36.2,0.0,-2.949061662198371
2016-10,201610,36.0,-0.5524861878453136,-3.4852546916889993
2016-11,201611,35.9,-0.2777777777777768,-3.7533512064343078
2016-12,201612,35.9,0.0,-3.4946236559139865
2017-01,201701,36.4,1.392757660167132,-0.8174386920981047
2017-02,201702,36.4,0.0,-0.2739726027397249
2017-03,201703,36.3,-0.27472527472527375,-0.27472527472527375
2017-04,201704,36.7,1.1019283746556585,0.8241758241758435
2017-05,201705,36.6,-0.27247956403270157,0.5494505494505475
2017-06,201706,36.6,0.0,0.826446280991755
2017-07,201707,35.5,-3.0054644808743203,-2.2038567493112837
2017-08,201708,35.4,-0.28169014084507005,-2.209944751381232
2017-09,201709,34.8,-1.6949152542372947,-3.8674033149171394
2017-10,201710,34.8,0.0,-3.3333333333333437
2017-11,201711,34.7,-0.2873563218390607,-3.342618384401097
2017-12,201712,34.7,0.0,-3.342618384401097
2018-01,201801,34.8,0.28818443804032867,-4.395604395604402
2018-02,201802,35.0,0.5747126436781658,-3.8461538461538436
2018-03,201803,34.9,-0.28571428571428914,-3.8567493112947604
2018-04,201804,34.9,0.0,-4.904632152588562
2018-05,201805,34.7,-0.5730659025787843,-5.191256830601088
2018-06,201806,34.7,0.0,-5.191256830601088
2018-07,201807,34.1,-1.729106628242083,-3.9436619718309807
2018-08,201808,33.6,-1.4662756598240456,-5.0847457627118615
2018-09,201809,33.5,-0.29761904761904656,-3.735632183908033
2018-10,201810,33.3,-0.5970149253731405,-4.31034482758621
2018-11,201811,33.3,0.0,-4.034582132564857
2018-12,201812,33.2,-0.30030030030028243,-4.322766570605186
2019-01,201901,32.6,-1.8072289156626509,-6.321839080459757
2019-02,201902,32.5,-0.30674846625767804,-7.14285714285714
2019-03,201903,32.5,0.0,-6.876790830945556
2019-04,201904,32.6,0.3076923076923199,-6.590257879656147
2019-05,201905,32.4,-0.613496932515345,-6.62824207492797
2019-06,201906,32.5,0.30864197530864335,-6.34005763688762
2019-07,201907,32.5,0.0,-4.692082111436957
2019-08,201908,32.6,0.3076923076923199,-2.9761904761904767
2019-09,201909,32.7,0.30674846625766694,-2.3880597014925287
2019-10,201910,32.5,-0.6116207951070374,-2.4024024024023927
2019-11,201911,32.5,0.0,-2.4024024024023927
2019-12,201912,32.6,0.3076923076923199,-1.8072289156626509
2020-01,202001,32.3,-0.920245398773023,-0.920245398773023
2020-02,202002,32.4,0.3095975232198178,-0.3076923076923088
2020-03,202003,32.5,0.30864197530864335,0.0
2020-04,202004,31.6,-2.7692307692307683,-3.0674846625766916
2020-05,202005,31.5,-0.31645569620253333,-2.777777777777779
2020-06,202006,31.5,0.0,-3.076923076923077
2020-07,202007,31.3,-0.6349206349206327,-3.6923076923076947
2020-08,202008,31.2,-0.31948881789137795,-4.294478527607371
2020-09,202009,31.2,0.0,-4.587155963302758
2020-10,202010,30.1,-3.525641025641024,-7.384615384615378
2020-11,202011,30.1,0.0,-7.384615384615378
2020-12,202012,30.2,0.33222591362125353,-7.361963190184051
2021-01,202101,30.1,-0.3311258278145601,-6.811145510835903
2021-02,202102,30.0,-0.33222591362126463,-7.4074074074074066
2021-03,202103,30.1,0.33333333333334103,-7.384615384615378
2021-04,202104,30.0,-0.33222591362126463,-5.063291139240511
2021-05,202105,30.1,0.33333333333334103,-4.444444444444439
2021-06,202106,30.2,0.33222591362125353,-4.1269841269841345
2021-07,202107,29.815,-1.274834437086081,-4.744408945686896
2021-08,202108,29.981,0.5567667281569655,-3.907051282051277
2021-09,202109,29.978,-0.010006337346990524,-3.916666666666657
2021-10,202110,29.758,-0.7338715057709111,-1.1362126245847204
2021-11,202111,29.98,0.7460178775455351,-0.39867109634551534
2021-12,202112,30.08,0.33355570380253496,-0.3973509933774877
2022-01,202201,30.382,1.00398936170214,0.9368770764119683
2022-02,202202,30.356,-0.08557698637351452,1.1866666666666692
2022-03,202203,30.527,0.5633153248122191,1.4186046511627914
2022-04,202204,30.717,0.6223998427621336,2.3900000000000032
2022-05,202205,30.858,0.45902920207052667,2.5182724252491573
2022-06,202206,31.044,0.6027610344156997,2.794701986754977
2022-07,202207,30.998,-0.1481767813426127,3.967801442227059
2022-08,202208,30.879,-0.3838957352087169,2.9952303125312607
2022-09,202209,31.089,0.6800738365879688,3.7060511041430377
2022-10,202210,31.73,2.0618225095693,6.626789434773839
2022-11,202211,31.85,0.37819098644815696,6.237491661107408
2022-12,202212,31.862,0.037676609105163905,5.9242021276595835
2023-01,202301,31.785,-0.24166718975581203,4.617865841616742
2023-02,202302,31.969,0.5788894132452427,5.313611806562135
2023-03,202303,31.886,-0.259626513184652,4.4517967700723915
2023-04,202304,31.625,-0.8185410524995218,2.9560178402838755
2023-05,202305,31.522,-0.32569169960474653,2.151792079849635
2023-06,202306,31.594,0.22841190279805357,1.7716789073572992
2023-07,202307,31.515,-0.2500474773691197,1.6678495386799108
2023-08,202308,31.595,0.25384737426621395,2.318727938080878
2023-09,202309,31.791,0.6203513214116274,2.2580333880150683
2023-10,202310,31.674,-0.36802868736435235,-0.17648912700913844
2023-11,202311,31.716,0.13260087137716425,-0.42072213500784494
2023-12,202312,31.565,-0.476100390969858,-0.9321448747724448
2024-01,202401,31.706,0.4466972913036438,-0.24854491112159538
2024-02,202402,31.668,-0.11985113227780397,-0.9415371140792717
2024-03,202403,31.629,-0.12315270935959743,-0.8059963620397625
2024-04,202404,31.803,0.5501280470454395,0.5628458498023736
2024-05,202405,31.743,-0.18866144703330034,0.7010976460884555
2024-06,202406,31.518,-0.7088176920895917,-0.2405520035449804
2024-07,202407,30.602,-2.9062757789199867,-2.897033158813267
2024-08,202408,30.456,-0.4770930004574847,-3.6050007912644344
2024-09,202409,30.487,0.10178618334646394,-4.101789814727441
2024-10,202410,30.724,0.7773805228458164,-2.9993054240070705
2024-11,202411,30.729,0.016273922666321106,-3.111993946273184
2024-12,202412,30.561,-0.5467148296397495,-3.180738159353713
2025-01,202501,30.118,-1.4495598966002499,-5.008515738346054
2025-02,202502,30.132,0.04648383026761849,-4.850322091701398
2025-03,202503,30.322,0.6305588742864687,-4.132283663726333
2025-04,202504,30.235,-0.2869203878372084,-4.930352482470212
2025-05,202505,29.982,-0.8367785678848993,-5.547679803421223
2025-06,202506,29.882,-0.3335334534053658,-5.190684688114722
2025-07,202507,29.798,-0.28110568235059086,-2.6272792627932917
2025-08,202508,29.392,-1.362507550842329,-3.4935644864722892
2025-09,202509,29.45,0.19733260751224613,-3.4014497982746694
2025-10,202510,29.64,0.6451612903225934,-3.528186434058067
2025-11,202511,29.646,0.02024291497975117,-3.5243580982134093
2025-12,202512,29.668,0.07420899952774729,-2.922024802853307
2026-01,202601,29.62,-0.1617904813266735,-1.6534962480908355
2026-02,202602,30.138,1.7488183659689405,0.019912385503784158
2026-03,202603,30.132,-0.01990842126219361,-0.6266077435525319
2026-04,202604,30.62,1.6195406876410523,1.2733586902596405
2026-05,202605,30.104,-1.6851730894840045,0.40691081315455957
